Company Name,Lead Partner,Primary Investor Type,Primary Industry Sector
Flowdesk,Jacobo Abitbol,Venture Capital,Information Technology
Flowdesk,Kasey Davies,Venture Capital,Information Technology
Wavo (Financial Software),Tony Parker,Angel (individual),Information Technology
ToumAI Analytics,Bruno Akpaka,Angel (individual),Information Technology
Anybuddy,Benjamin Kayser,Angel (individual),Consumer Products and Services (B2C)
Anybuddy,Julien Codorniou,Angel (individual),Consumer Products and Services (B2C)
Anybuddy,Martin Jaglin,Angel (individual),Consumer Products and Services (B2C)
Reev (Therapeutic Devices),Herve Silbert,Angel (individual),Healthcare
Reev (Therapeutic Devices),Anne-Sophie Saint-Martin,Venture Capital,Healthcare
Reev (Therapeutic Devices),Raphael Varane,Angel (individual),Healthcare
CROWN,Marcell Vollmer,Angel (individual),Information Technology
CROWN,Mario Götze,Angel (individual),Information Technology
Neuralk-AI,Charles Gorintin,Angel (individual),Information Technology
Neuralk-AI,Marie Brayer,Venture Capital,Information Technology
Neuralk-AI,Jean-Louis Quéguiner,Angel (individual),Information Technology
Neuralk-AI,Julien Launay,Angel (individual),Information Technology
Neuralk-AI,Nagi Letaifa,Angel (individual),Information Technology
Neuralk-AI,Philippe Corrot,Angel (individual),Information Technology
Neuralk-AI,Saturnin Pugnet,Angel (individual),Information Technology
Neuralk-AI,Thomas Wolf,Angel (individual),Information Technology
Neuralk-AI,Vincent Luciani,Angel (individual),Information Technology
Neuralk-AI,Xavier Perret,Angel (individual),Information Technology
Swan (Financial Software),Luca Bocchio,Venture Capital,Information Technology
Swan (Financial Software),Georgia Watson,Venture Capital,Information Technology
Zaion,Benoît Descoqs,Venture Capital,Information Technology
Cryptio,Christopher Heymann,Venture Capital,Information Technology
Cryptio,Bartosz Jakubowski,Venture Capital,Information Technology
Cryptio,Charles Songhurst,Angel (individual),Information Technology
Cryptio,Louis Coppey,Venture Capital,Information Technology
Formance,Aaron Epstein,Angel (individual),Information Technology
Formance,Ashish Aggarwal,Angel (individual),Information Technology
Formance,Dalton Caldwell,Angel (individual),Information Technology
Formance,Hélène Falchier,Angel (individual),Information Technology
Formance,Mathieu Viallard,Angel (individual),Information Technology
Formance,Payton Dobbs,Angel (individual),Information Technology
Formance,Robert Kniaz,Angel (individual),Information Technology
Formance,Victoire Lavigne,Angel (individual),Information Technology
Naboo,Itxaso del Palacio,Venture Capital,Business Products and Services (B2B)
Alice & Bob,François Robinet,Venture Capital,Information Technology
Alice & Bob,Maximilien Bacot,Venture Capital,Information Technology
Alice & Bob,Anne-Sophie Carrese,Venture Capital,Information Technology
Alice & Bob,Antoine Emmanuelli,Venture Capital,Information Technology
Alice & Bob,Etienne Moreau,Venture Capital,Information Technology
Hexana,Pierre Joubert,Venture Capital,Energy
BCHEF,Alexis Bourdon,Angel (individual),Consumer Products and Services (B2C)
TERRA Distillerie,Laurent Thorez,Venture Capital,Consumer Products and Services (B2C)
Maki (Business/Productivity Software),Ophelia Brown,Venture Capital,Information Technology
Shippeo,Bo Ilsøe,Venture Capital,Information Technology
Shippeo,Philippe Collombel,Venture Capital,Information Technology
Bioptimus,Emmanuel Cassimatis,Angel (individual),Healthcare
Bioptimus,Edward Kliphuis,Venture Capital,Healthcare
Leakmited,Quentin Simon,Venture Capital,Information Technology
Robeauté,Diana Rottger,Venture Capital,Healthcare
Robeauté,Filip Dames,Venture Capital,Healthcare
Coave Therapeutics,Thierry Laugel,Venture Capital,Healthcare
Coave Therapeutics,Bruno Montanari,Venture Capital,Healthcare
BforeAI,Jay Leek,Venture Capital,Information Technology
BforeAI,Marcus Bartram,Venture Capital,Information Technology
Usual Labs,Guy Young,Angel (individual),Financial Services
Vibly,Pascal Hostachy,Angel (individual),Information Technology
Bsport,Thomas Nahigian,Venture Capital,Information Technology
Bsport,Uthish Ranjan,Venture Capital,Information Technology
Bsport,Bruno Rivet,Venture Capital,Information Technology
Yampa,Arthur Waller,Angel (individual),Information Technology
Bitstack,Alyse Killeen,Venture Capital,Information Technology
Devialet,Fleur Pellerin,Venture Capital,Consumer Products and Services (B2C)
Kapsera,Gentiane Gorlier,Venture Capital,Materials and Resources
Lactips,Jérôme Guéret,Venture Capital,Materials and Resources
Oplit,Patrick Malka,Venture Capital,Information Technology
Oplit,Olivier Laplace,Venture Capital,Information Technology
FairCraft,Kanyi Maqubela,Venture Capital,Materials and Resources
Elicit Plant,Stephane Roussel,Venture Capital,Materials and Resources
Elicit Plant,Michael Krel,Venture Capital,Materials and Resources
Prelude (Paris),Henri Tilloy,Venture Capital,Information Technology
Omaha,Audrey Soussan,Venture Capital,Information Technology
AdipoPharma,Amy Salzhauer,Venture Capital,Healthcare
AdipoPharma,Alain Parthoens,Venture Capital,Healthcare
AdipoPharma,Aaron Berkey,Venture Capital,Healthcare
Vaxinano,Nicolas Roberti de Winghe,Venture Capital,Healthcare
Beyond Aero,Arash Ferdowsi,Angel (individual),Business Products and Services (B2B)
Beyond Aero,Brett Gibson,Venture Capital,Business Products and Services (B2B)
Beyond Aero,Nathan Blecharczyk,Angel (individual),Business Products and Services (B2B)
Fungiball,Adrien Dassault,Angel (individual),Information Technology
Detective Box,Alexis Desplats,Angel (individual),Information Technology
Detective Box,Fabrice Dominguez,Angel (individual),Information Technology
Detective Box,François Carbone,Angel (individual),Information Technology
Detective Box,Jacques Ittah,Angel (individual),Information Technology
Detective Box,Kevin Creusy,Angel (individual),Information Technology
Detective Box,Régis Bonnessée,Angel (individual),Information Technology
Detective Box,Vanessa Proust,Angel (individual),Information Technology
Detective Box,Vivien Garnes,Angel (individual),Information Technology
Detective Box,Yann Pasquier,Angel (individual),Information Technology
Otoqi,Fabio Lancellotti,Venture Capital,Business Products and Services (B2B)
Gladia,Gabriele Papievyte,Venture Capital,Information Technology
Pretto,Sébastien Le Roy,Venture Capital,Information Technology
Aenitis Technologies,Michel Spagnol,Venture Capital,Healthcare
Aenitis Technologies,Idir Idjerouidene,Venture Capital,Healthcare
Stoik,Thomas Cuvelier,Venture Capital,Information Technology
Stoik,Seema Amble,Venture Capital,Information Technology
Stellar,Marcello Tedeschi,Venture Capital,Information Technology
Stellar,Matteo Cascinari,Venture Capital,Information Technology
Syroco,Isabelle de Cremoux,Venture Capital,Information Technology
Faktus,Diane Bassery,Venture Capital,Financial Services
La Vie,Arnaud Bachelier,Angel (individual),Consumer Products and Services (B2C)
La Vie,Michel Larroche,Angel (individual),Consumer Products and Services (B2C)
Qovoltis,Pâris Mouratoglou,Angel (individual),Consumer Products and Services (B2C)
Rivrs,Constance Rietzler,Venture Capital,Information Technology
DinMo,Diogo Cunha,Venture Capital,Information Technology
Formality,Sébastien Le Roy,Venture Capital,Information Technology
Poolside (Software Development Applications),Enrique Salem,Venture Capital,Information Technology
Poolside (Software Development Applications),Aydin Senkut,Venture Capital,Information Technology
Poolside (Software Development Applications),Rashmi Gopinath,Angel (individual),Information Technology
Poolside (Software Development Applications),Erica Brescia,Venture Capital,Information Technology
Sepia Infrastructure,Damien Pierron,Venture Capital,Energy
Dessia,Robert Gallenberger,Venture Capital,Information Technology
Dessia,François Breniaux,Venture Capital,Information Technology
VelyVelo,Ali Mokhtar,Venture Capital,Business Products and Services (B2B)
Qantev,Ophelia Brown,Venture Capital,Information Technology
Qantev,Anne-Sophie Carrese,Venture Capital,Information Technology
Micropep,Baptiste Tellier,Venture Capital,Materials and Resources
Micropep,Guillaume Baxter,Venture Capital,Materials and Resources
Micropep,Romain Sautrau,Venture Capital,Materials and Resources
Micropep,Lionel Artusio-Payot,Venture Capital,Materials and Resources
SurgAR,Céline Passedouet,Venture Capital,Healthcare
SurgAR,Jacques Gardette,Angel (individual),Healthcare
Dotfile,Aristotelis Xenofontos,Venture Capital,Information Technology
Inspek,François Paulus,Venture Capital,Information Technology
Inspek,William Zeng,Venture Capital,Information Technology
Inspek,Xavier Gury,Venture Capital,Information Technology
La Solive,David Guérin,Venture Capital,Business Products and Services (B2B)
La Solive,Clément Delpirou,Angel (individual),Business Products and Services (B2B)
La Solive,Alison Imbert,Venture Capital,Business Products and Services (B2B)
La Solive,Thibaud Hug de Larauze,Angel (individual),Business Products and Services (B2B)
La Solive,Vincent Bryant,Angel (individual),Business Products and Services (B2B)
Jump (Financial Software),Benjamin Deplus,Venture Capital,Information Technology
Inbolt,Cyril Ebersweiler,Venture Capital,Information Technology
Inbolt,Yann Fleureau,Angel (individual),Information Technology
Bioteos,Mathieu Tarnus,Venture Capital,Healthcare
Green Corp (Automotive),Sebastien Guillaud,Venture Capital,Consumer Products and Services (B2C)
Samp,Jeremy Teboul,Venture Capital,Information Technology
Abolis,Matthieu Vermersch,Venture Capital,Healthcare
Abolis,Tobias Faupel,Venture Capital,Healthcare
Abolis,Peter Gelderen,Venture Capital,Healthcare
Trust-Place,Pierre Joubert,Venture Capital,Information Technology
Trust-Place,Cécile Bassot,Venture Capital,Information Technology
Brightflow,Baudouin Hue,Venture Capital,Healthcare
Brightflow,Philippe Durieux,Venture Capital,Healthcare
Chemdoc Water Technologies,Isabelle de Cremoux,Venture Capital,Business Products and Services (B2B)
Elum,Eileen Waris,Venture Capital,Information Technology
Patrowl,Erwan Bernard,Venture Capital,Information Technology
Korint,Thomas Nivard,Venture Capital,Information Technology
Korint,Jean Bourcereau,Venture Capital,Information Technology
Hepta Medical,Kum Jocelyn,Venture Capital,Healthcare
Hivebrite,Edward Filippi,Angel (individual),Information Technology
Hivebrite,Pierre-Edouard Harant,Angel (individual),Information Technology
Hub2,Eric Barbier,Angel (individual),Information Technology
Hub2,Olumide Ashade,Venture Capital,Information Technology
Nutropy,Pjotr van Schothorst,Angel (individual),Consumer Products and Services (B2C)
Wegrow,Borja Breña,Venture Capital,Information Technology
Illumo Robotics,Jorge Dobón,Venture Capital,Information Technology
Sekai,Adrien Montfort,Angel (individual),Information Technology
Sekai,Alexandre Yazdi,Angel (individual),Information Technology
Sekai,Alexis Ohanian,Angel (individual),Information Technology
Sekai,Aurélien Cotentin,Angel (individual),Information Technology
Sekai,Laurent Ritter,Angel (individual),Information Technology
Sekai,Mike Shinoda,Angel (individual),Information Technology
Sekai,Nicolas Julia,Angel (individual),Information Technology
Sekai,Randal Muani,Angel (individual),Information Technology
Sekai,Rudy Gobert-Bourgarel,Angel (individual),Information Technology
Cellaven,Marc Blondet,Venture Capital,Healthcare
Polar Analytics,Christoph Janz,Venture Capital,Information Technology
Batiment Chimie Appliquee,Adrien Bué,Angel (individual),Business Products and Services (B2B)
Batiment Chimie Appliquee,Olivier Dobraje,Angel (individual),Business Products and Services (B2B)
Meddenovo Drug Design,Gökhan Güner,Venture Capital,Healthcare
Exo (Social/Platform Software),Oliver Jaubert,Angel (individual),Information Technology
Exo (Social/Platform Software),Zakaria Mansour,Angel (individual),Information Technology
Olyzon,Benjamin Antier,Angel (individual),Business Products and Services (B2B)
Olyzon,Guillaume Grimbert,Angel (individual),Business Products and Services (B2B)
Olyzon,Ionut Ciobotaru,Angel (individual),Business Products and Services (B2B)
Olyzon,Julien Hirth,Angel (individual),Business Products and Services (B2B)
Olyzon,Rémi Lemonnier,Angel (individual),Business Products and Services (B2B)
Olyzon,Romain Job,Angel (individual),Business Products and Services (B2B)
Olyzon,Simon Dawlat,Angel (individual),Business Products and Services (B2B)
Olyzon,Stéphane Distinguin,Angel (individual),Business Products and Services (B2B)
Skynopy,Yohan Pereira,Venture Capital,Information Technology
Skynopy,Thibaud Elziere,Angel (individual),Information Technology
Cintoo,Omri Benayoun,Venture Capital,Information Technology
Inside Therapeutics,Anne-Sophie Saint-Martin,Venture Capital,Business Products and Services (B2B)
Wineriz,Emmanuel Arnaud,Angel (individual),Information Technology
Wineriz,Nathanael Berbessou,Angel (individual),Information Technology
Jerome Dreyfuss,Thomas Riccobono,Venture Capital,Consumer Products and Services (B2C)
Spiko,Adrien Montfort,Angel (individual),Information Technology
Spiko,Frédéric Montagnon,Angel (individual),Information Technology
Spiko,Jean-Charles Samuelian-Werve,Angel (individual),Information Technology
Spiko,Nicolas Bacca,Angel (individual),Information Technology
Spiko,Valentine Baudouin,Angel (individual),Information Technology
Mistral AI_,Jeff Silverstein,Venture Capital,Information Technology
Mistral AI_,Jeannette Fürstenberg,Venture Capital,Information Technology
Mistral AI_,Paul Copplestone,Angel (individual),Information Technology
FeetMe,Cyril Ebersweiler,Venture Capital,Healthcare
Materrup,Thierry Letailleur,Venture Capital,Materials and Resources
Descartes & Mauss,Alexis Frentz,Venture Capital,Information Technology
Descartes & Mauss,Cecile Tharaud,Venture Capital,Information Technology
Imagino,Bruno Delahaye,Venture Capital,Information Technology
Imagino,Jan Andriessen,Venture Capital,Information Technology
TurnK,Francis Nappez,Angel (individual),Information Technology
Trendex,Karim Benzema,Angel (individual),Information Technology
Belledonne Paris,Arnaud Régent,Angel (individual),Consumer Products and Services (B2C)
Belledonne Paris,Michael Dayan,Angel (individual),Consumer Products and Services (B2C)
Belledonne Paris,Olivier Hergault,Angel (individual),Consumer Products and Services (B2C)
Belledonne Paris,Sebastien Borget,Angel (individual),Consumer Products and Services (B2C)
NcodiN,Frédéric du Bois-Reymond,Venture Capital,Information Technology
NcodiN,Clement Vanden Driessche,Venture Capital,Information Technology
Vizcab,Hideyuki Tanaka,Venture Capital,Information Technology
Vizcab,Andreas Winter-Extra,Venture Capital,Information Technology
Vizcab,Jerome Constant,Venture Capital,Information Technology
UroMems,Jerome Feraud,Venture Capital,Healthcare
UroMems,Celia Hart,Venture Capital,Healthcare
UroMems,Johannes Fischer,Venture Capital,Healthcare
Cross The Ages,Sebastian Borget,Angel (individual),Information Technology
Hylé,Batu X,Angel (individual),Financial Services
Hylé,David Robinson,Angel (individual),Financial Services
Hylé,Nicolas Bacca,Angel (individual),Financial Services
Hylé,Richard Yuengling,Angel (individual),Financial Services
Hylé,Uma Roy,Angel (individual),Financial Services
Oligofeed,Frédéric Banzet,Angel (individual),Business Products and Services (B2B)
Oligofeed,Frederick Robertson,Angel (individual),Business Products and Services (B2B)
Zest (Business/Productivity Software),Alain Dehaze,Angel (individual),Information Technology
Infinite Orbits,Salim Hassad,Venture Capital,Information Technology
May Health,Antoine Papiernik,Venture Capital,Healthcare
inHEART,Samantha Jérusalmy,Venture Capital,Healthcare
inHEART,Jean-Christophe Renondin,Venture Capital,Healthcare
Morpho,Lauren Stephanian,Venture Capital,Information Technology
Carbonfact,Bartosz Jakubowski,Venture Capital,Information Technology
Carbonfact,Jonathan Userovici,Venture Capital,Information Technology
Omi (Multimedia and Design Software),Alexis Bonillo,Angel (individual),Information Technology
Omi (Multimedia and Design Software),Daniel Chaplin,Venture Capital,Information Technology
Omi (Multimedia and Design Software),Marc Menasé,Venture Capital,Information Technology
Omi (Multimedia and Design Software),Guillaume Houze,Angel (individual),Information Technology
Omi (Multimedia and Design Software),Laurent Ritter,Angel (individual),Information Technology
Omi (Multimedia and Design Software),Paul Robson,Angel (individual),Information Technology
Paradigme,Edouard Nattée,Angel (individual),Consumer Products and Services (B2C)
Paradigme,Fabrice Lepine,Angel (individual),Consumer Products and Services (B2C)
Paradigme,Frédéric Maus,Angel (individual),Consumer Products and Services (B2C)
Paradigme,Grégoire Baudry,Angel (individual),Consumer Products and Services (B2C)
Paradigme,Illan Benhaim,Angel (individual),Consumer Products and Services (B2C)
Paradigme,Marine de Waziers,Angel (individual),Consumer Products and Services (B2C)
Paradigme,Vanessa Proust,Angel (individual),Consumer Products and Services (B2C)
Pixacare,Céline Passedouet,Venture Capital,Healthcare
United Visual Researchers,Frederic Le Brun,Venture Capital,Information Technology
BforeAI,Enrico Raggini,Venture Capital,Information Technology
BforeAI,Emmanuel Daugeras,Venture Capital,Information Technology
BforeAI,Kristjan Laanemaa,Venture Capital,Information Technology
BforeAI,Jay Leek,Venture Capital,Information Technology
RockFi,Antoine Freysz,Angel (individual),Financial Services
Upflow (Financial Software),Didier Valet,Angel (individual),Information Technology
Upflow (Financial Software),Nicholas Wijnberg,Venture Capital,Information Technology
Upflow (Financial Software),Maximilian Tayenthal,Angel (individual),Information Technology
Upflow (Financial Software),Nathaniel Matherson,Angel (individual),Information Technology
Upflow (Financial Software),Pierre-Dimitri Gore-Coty,Angel (individual),Information Technology
Upflow (Financial Software),Raffael Johnen,Angel (individual),Information Technology
Payflows,Rana Yared,Venture Capital,Information Technology
Payflows,Jonathan Userovici,Venture Capital,Information Technology
Zefir,George Robson,Venture Capital,Consumer Products and Services (B2C)
Zefir,Fred Destin,Venture Capital,Consumer Products and Services (B2C)
Ascendance,Thierry Tea,Venture Capital,Business Products and Services (B2B)
Ascendance,Adrien Montfort,Venture Capital,Business Products and Services (B2B)
Usual Labs,Eli Eli,Angel (individual),Financial Services
Usual Labs,Jocy Lin,Venture Capital,Financial Services
Usual Labs,Jordi Alexander,Angel (individual),Financial Services
Usual Labs,Rand Hindi,Angel (individual),Financial Services
Usual Labs,Sebastien Couture,Angel (individual),Financial Services
Usual Labs,Spencer Noon,Angel (individual),Financial Services
HyLight,Abhishek Tripathi,Angel (individual),Business Products and Services (B2B)
HyLight,Marc Tarpenning,Angel (individual),Business Products and Services (B2B)
HyLight,Myriam Maestroni,Angel (individual),Business Products and Services (B2B)
PioniQ,Christophe Jurczak,Venture Capital,Energy
Weenat,Stephane Roussel,Venture Capital,Information Technology
BoydSense,Craig Cooper,Venture Capital,Healthcare
Pigment (Business/Productivity Software),Matthew Jacobson,Venture Capital,Information Technology
Pigment (Business/Productivity Software),Ajay Vashee,Venture Capital,Information Technology
Antidot,Maxence Valero,Venture Capital,Information Technology
Antidot,Claire Houry,Venture Capital,Information Technology
Iceberg Data Lab,Piotr Bukanski,Venture Capital,Business Products and Services (B2B)
Kor,Yakun Wang,Venture Capital,Healthcare
Brasserie Du Bouffay,Geoffrey Nguyen,Venture Capital,Consumer Products and Services (B2C)
Technopoudre,Nora Asri,Venture Capital,Business Products and Services (B2B)
Surge (Decision/Risk Analysis),Rami El Assal,Venture Capital,Healthcare
900.care,Melanie Le Guen,Venture Capital,Consumer Products and Services (B2C)
900.care,Matthieu Lattes,Venture Capital,Consumer Products and Services (B2C)
RebrAIn,Jean-Pierre Renaudin,Venture Capital,Healthcare
Firecell,Silviu Apostu,Venture Capital,Information Technology
Firecell,Jean Bourcereau,Venture Capital,Information Technology
Nestor (Business/Productivity Software),Pascal Colin,Angel (individual),Information Technology
Klark,Emmanuel Grenier,Angel (individual),Information Technology
Klark,Laurent Delaporte,Angel (individual),Information Technology
Klark,Thibaud Hug de Larauze,Angel (individual),Information Technology
Klark,Thomas France,Angel (individual),Information Technology
Inalve,Isabelle de Cremoux,Venture Capital,Materials and Resources
Getinside,Daniel Broche,Angel (individual),Information Technology
Getinside,De Boulanger,Angel (individual),Information Technology
Getinside,Franck Silva,Angel (individual),Information Technology
Getinside,Frédéric Montagnon,Angel (individual),Information Technology
Getinside,Gilles Moncaubeig,Angel (individual),Information Technology
Getinside,Julien Romanetto,Angel (individual),Information Technology
Getinside,Séverine Grégoire,Angel (individual),Information Technology
Hawkcell,Andreas Kastenbauer,Venture Capital,Business Products and Services (B2B)
Zama,Anatoly Yakovenko,Angel (individual),Information Technology
Zama,Gavin Wood,Angel (individual),Information Technology
Zama,Juan Batiz-Benet,Angel (individual),Information Technology
Zama,Julien Bouteloup,Angel (individual),Information Technology
Zama,Kyle Samani,Venture Capital,Information Technology
Zama,Tarun Chitra,Angel (individual),Information Technology
Greenly,Erik Mostenicky,Venture Capital,Information Technology
Diabeloop,Celia Hart,Venture Capital,Healthcare
FoodFlow,Jérémy Gotteland,Angel (individual),Business Products and Services (B2B)
FoodFlow,Nicolas Schweitzer,Angel (individual),Business Products and Services (B2B)
Skinosive,Antoine Pau,Venture Capital,Consumer Products and Services (B2C)
Valoregen,Jean-Christophe Kugler,Angel (individual),Business Products and Services (B2B)
PhotoRoom,Bernard Liautaud,Venture Capital,Information Technology
PhotoRoom,Yann LeCun,Angel (individual),Information Technology
PhotoRoom,Zehan Wang,Angel (individual),Information Technology
Vibe.co,Alain Roubach,Angel (individual),Information Technology
Vibe.co,Benjamin Antier,Angel (individual),Information Technology
Vibe.co,Cyril Vermeulen,Angel (individual),Information Technology
Vibe.co,Laurent Asscher,Angel (individual),Information Technology
Wise-Integration,Cyril Vancura,Venture Capital,Information Technology
Wise-Integration,Pierre Joubert,Venture Capital,Information Technology
Wise-Integration,Damien Bretegnier,Venture Capital,Information Technology
PulseSight Therapeutics,Joon Hyun,Venture Capital,Healthcare
PulseSight Therapeutics,Kostas Kaloulis,Venture Capital,Healthcare
PulseSight Therapeutics,Dominik Escher,Venture Capital,Healthcare
C12,Nader Sabbaghian,Venture Capital,Information Technology
C12,Svetoslava Georgivea,Venture Capital,Information Technology
C12,Didier Valet,Venture Capital,Information Technology
PlayMakers (Entertainment Software),Hugues Ouvard,Angel (individual),Information Technology
PlayMakers (Entertainment Software),Sebastien Borget,Angel (individual),Information Technology
PlayMakers (Entertainment Software),Vincent Keating,Angel (individual),Information Technology
Mistral AI_,Elad Gil,Angel (individual),Information Technology
Mistral AI_,Eric Schmidt,Angel (individual),Information Technology
Bioptimus,Edward Kliphuis,Venture Capital,Healthcare
Bioptimus,Xavier Niel,Angel (individual),Healthcare
Unseenlabs,Etienne Moreau,Venture Capital,Business Products and Services (B2B)
Pennylane,Thomas Stafford,Venture Capital,Information Technology
Pennylane,Luciana Lixandru,Venture Capital,Information Technology
Pixee Medical,Alban Nenert,Venture Capital,Healthcare
Jow,Christian Leybold,Venture Capital,Consumer Products and Services (B2C)
Édifice,Thibaut de Roux,Venture Capital,Information Technology
Dotmap,Helen Ostrowski,Venture Capital,Consumer Products and Services (B2C)
Aldoria,Svetoslava Georgivea,Venture Capital,Business Products and Services (B2B)
Aldoria,Arnaud Delattre,Venture Capital,Business Products and Services (B2B)
Kiln (Paris),Christopher Heymann,Venture Capital,Information Technology
Kiln (Paris),Charlton Hook,Venture Capital,Information Technology
Kinvent,Raphael Varane,Angel (individual),Healthcare
Scalingo,Vanessa Proust,Venture Capital,Information Technology
Electra (Utilities),Xavier Lorphelin,Venture Capital,Energy
Illumo Robotics,Carlos Blanco,Venture Capital,Information Technology
Groover,Stéphanie Hospital,Venture Capital,Business Products and Services (B2B)
Listn (Media and Information Services (B2B)),Candice Baudet,Venture Capital,Business Products and Services (B2B)
Nabla,Anthony Fadell,Angel (individual),Healthcare
Nabla,Jacobo Abitbol,Venture Capital,Healthcare
Nabla,Rachel Delacour,Angel (individual),Healthcare
Nabla,Rodolphe Saadé,Angel (individual),Healthcare
Nabla,Xavier Niel,Angel (individual),Healthcare
WinShot,Dhekra Khelifi,Venture Capital,Information Technology
WinShot,Saad Mohamed,Angel (individual),Information Technology
ENYO Pharma,Jason Dinges,Venture Capital,Healthcare
CERENE (Clinics/Outpatient Services),Antoine Fine,Venture Capital,Healthcare
Iceblock,Douglas Abrams,Venture Capital,Financial Services
Osol,Maxime Paradis,Angel (individual),Business Products and Services (B2B)
Avatar Medical,Frederic Le Brun,Venture Capital,Healthcare
Kosmik,Amjad Masad,Angel (individual),Information Technology
Kosmik,Andrew Sutherland,Angel (individual),Information Technology
Singulier,Marc Menasé,Venture Capital,Business Products and Services (B2B)
Velco,Herve Bachelot Lallier,Venture Capital,Information Technology
Bellevilles,Olivier Legrain,Angel (individual),Consumer Products and Services (B2C)
Pivot (Business/Productivity Software),Oliver Samwer,Angel (individual),Information Technology
I-Virtual,Céline Passedouet,Venture Capital,Healthcare
QiOVA,Pierre-Antoine Cognard,Venture Capital,Business Products and Services (B2B)
Eligo Bioscience,Samir Kaul,Venture Capital,Healthcare
Tenacy,William Lecat,Venture Capital,Information Technology
Tenacy,Mathieu Viallard,Venture Capital,Information Technology
Tenacy,Jordan Rivieri,Venture Capital,Information Technology
Tenacy,Pierre-Antoine Cognard,Venture Capital,Information Technology
Adionics,Marine Glon,Venture Capital,Business Products and Services (B2B)
AQEMIA,Sofia Dahoune,Venture Capital,Healthcare
Waltio,Clément Coeurdeuil,Angel (individual),Information Technology
Waltio,Joan Burkovic,Angel (individual),Information Technology
Waltio,Julien Bouteloup,Angel (individual),Information Technology
Waltio,Owen Simonin,Angel (individual),Information Technology
Karos,Jean-Marc Bally,Venture Capital,Consumer Products and Services (B2C)
Obat,Jean De La Rochebrochard,Venture Capital,Information Technology
Callyope,Thomas Clozel,Angel (individual),Healthcare
Wealthcome,Alexandre Lacharme,Angel (individual),Information Technology
Wealthcome,Antoine Darcet,Angel (individual),Information Technology
Wealthcome,Morgan Emmery,Angel (individual),Information Technology
Wealthcome,Olivier Agnola,Angel (individual),Information Technology
RED Horticulture,Stephane Roussel,Venture Capital,Business Products and Services (B2B)
Malou,Bertrand Jelensperger,Angel (individual),Information Technology
Malou,Mick Mackaay,Venture Capital,Information Technology
Le Fourgon,Herve Cuviliez,Venture Capital,Information Technology
Defacto (Financial Software),David Sainteff,Venture Capital,Information Technology
Defacto (Financial Software),Jonathan Userovici,Venture Capital,Information Technology
Defacto (Financial Software),Kilian Pender,Venture Capital,Information Technology
Jimini,Cecile Tharaud,Venture Capital,Information Technology
Cognitive Design Systems,Bertrand Mueller,Venture Capital,Information Technology
Flatsy,Didier Le Menestrel,Angel (individual),Information Technology
Praditus,Antoine Houël,Angel (individual),Information Technology
Praditus,Philippe Plichon,Angel (individual),Information Technology
Numalis,Laure de Buyer,Venture Capital,Information Technology
Quandela,Maxence Valero,Venture Capital,Information Technology
Quandela,Svetoslava Georgivea,Venture Capital,Information Technology
Quandela,Christophe Jurczak,Venture Capital,Information Technology
Flitter,Adrien Montfort,Angel (individual),Financial Services
Flitter,Christophe Eberlé,Angel (individual),Financial Services
Flitter,Michael Wieser,Venture Capital,Financial Services
Flitter,Laurent Ritter,Angel (individual),Financial Services
Flitter,Stéphane Treppoz,Angel (individual),Financial Services
Goodvest,Arnaud Giraudon,Angel (individual),Information Technology
Goodvest,Christophe de Backer,Angel (individual),Information Technology
CryptoNext,Olivier Tonneau,Venture Capital,Information Technology
Koyeb,Alexis Le-Quoc,Angel (individual),Information Technology
Koyeb,Amirhossein Malekzadeh,Angel (individual),Information Technology
Koyeb,Bertrand Diard,Angel (individual),Information Technology
Koyeb,Fabrice Bernhard,Angel (individual),Information Technology
Koyeb,Floriane De Maupeou,Angel (individual),Information Technology
Koyeb,Hank Vigil,Angel (individual),Information Technology
Koyeb,Justin Ziegler,Angel (individual),Information Technology
Koyeb,Marc Jalabert,Angel (individual),Information Technology
Koyeb,Philippe Besnard,Angel (individual),Information Technology
Koyeb,Robin Vasan,Angel (individual),Information Technology
Koyeb,Udi Nachmany,Angel (individual),Information Technology
Alice & Bob,Eric Boustouller,Venture Capital,Information Technology
Vestiaire Collective,Guido Williams,Angel (individual),Consumer Products and Services (B2C)
My Easy Transfer,Dhekra Khelifi,Venture Capital,Information Technology
Silbo,Christophe Boutin,Angel (individual),Healthcare
Wind My Roof,Antoine Fuentes,Angel (individual),Energy
Wheere,Adrien Montfort,Angel (individual),Information Technology
Aria (Financial Software),Michael McFadgen,Venture Capital,Information Technology
Aria (Financial Software),Guillaume Princen,Angel (individual),Information Technology
Aria (Financial Software),Laurent Ritter,Angel (individual),Information Technology
Aria (Financial Software),Mark Ransford,Angel (individual),Information Technology
Albert (Paris),Laurent Delaporte,Angel (individual),Information Technology
enCaps,Christophe Carniel,Angel (individual),Business Products and Services (B2B)
enCaps,Pierre Ortolan,Angel (individual),Business Products and Services (B2B)
enCaps,Regis Bonnesee,Angel (individual),Business Products and Services (B2B)
Hectarea,Albert d'Anthoüard,Angel (individual),Financial Services
Hectarea,Alexis Angot,Angel (individual),Financial Services
Hectarea,Antoine Jeanjean,Angel (individual),Financial Services
Hectarea,Cedric Bouygues,Angel (individual),Financial Services
Hectarea,Clement Le Fournis,Angel (individual),Financial Services
Hectarea,Fabian Langlet,Angel (individual),Financial Services
Hectarea,Frederic Chleffer,Angel (individual),Financial Services
Hectarea,Geoffroy Vincent,Angel (individual),Financial Services
Hectarea,Guillaume Rigallaud,Angel (individual),Financial Services
Hectarea,Jean-Sebastien Beaucamps,Angel (individual),Financial Services
Hectarea,Leo Lemordant,Angel (individual),Financial Services
Hectarea,Michael David,Angel (individual),Financial Services
Hectarea,Pierre Maillard,Angel (individual),Financial Services
Hectarea,Pierre Yves Dargaud,Angel (individual),Financial Services
Hectarea,Pierre Zevaco,Angel (individual),Financial Services
Hectarea,Pierre-Lou Dominjon,Angel (individual),Financial Services
Hectarea,Samuel Nahon,Angel (individual),Financial Services
Hectarea,Thomas Didier,Angel (individual),Financial Services
Hectarea,Thomas Givry,Angel (individual),Financial Services
Stilla Technologies,Philippe Peltier,Venture Capital,Healthcare
INVYO,Frédéric Caron,Venture Capital,Information Technology
Tilak Healthcare,Yann Fleureau,Angel (individual),Healthcare
Orus,Albert Fandos,Angel (individual),Financial Services
Orus,Bruno Raillard,Venture Capital,Financial Services
Orus,Grégoire Rastoul,Angel (individual),Financial Services
Orus,Itxaso del Palacio,Venture Capital,Financial Services
Orus,Alison Imbert,Venture Capital,Financial Services
Orus,Hélène Falchier,Venture Capital,Financial Services
Orus,Thierry Daucourt,Angel (individual),Financial Services
French Bloom,Béatrice Cointreau,Angel (individual),Consumer Products and Services (B2C)
French Bloom,Florian Dubreuil,Angel (individual),Consumer Products and Services (B2C)
French Bloom,Frederic Biousse,Angel (individual),Consumer Products and Services (B2C)
French Bloom,Jean Moueix,Angel (individual),Consumer Products and Services (B2C)
French Bloom,Marguerite Dassault,Angel (individual),Consumer Products and Services (B2C)
HarfangLab,Ryan Collins,Venture Capital,Information Technology
AcuSurgical,Pierre-Emmanuel Struyven,Venture Capital,Healthcare
Mecaware,Stéphane Simoncini,Venture Capital,Business Products and Services (B2B)
Mecaware,Pierre-Antoine Cognard,Venture Capital,Business Products and Services (B2B)
Nano Corp.,Assaf Shamia,Venture Capital,Information Technology
Scnd,Alexander Meyer,Venture Capital,Information Technology
Scnd,Boris Golden,Venture Capital,Information Technology
SkyVisor,Aileen Lee,Angel (individual),Information Technology
SkyVisor,Jason Johnson,Angel (individual),Information Technology
Easyshipping,Matthieu Rabeisen,Venture Capital,Business Products and Services (B2B)
GEEV,Pierre-Yves Meerschman,Venture Capital,Consumer Products and Services (B2C)
Aledia,Donald Tappan,Venture Capital,Information Technology
OceanWings,Christian Lim,Venture Capital,Business Products and Services (B2B)
Sim&Cure,Samantha Jérusalmy,Venture Capital,Healthcare
La Taloche,Christophe Courtin,Angel (individual),Consumer Products and Services (B2C)
La Taloche,Cyril Fougères,Angel (individual),Consumer Products and Services (B2C)
La Taloche,Gabriel-James Safar,Angel (individual),Consumer Products and Services (B2C)
La Taloche,Gilles Bourcy,Angel (individual),Consumer Products and Services (B2C)
La Taloche,Laurent Kretz,Angel (individual),Consumer Products and Services (B2C)
La Taloche,Philippe Mangematin,Angel (individual),Consumer Products and Services (B2C)
La Taloche,Vincent Macé,Angel (individual),Consumer Products and Services (B2C)
Epoca (Elder and Disabled Care),Andreas Gall,Venture Capital,Healthcare
UpSlide (Multimedia and Design Software),André François-Poncet,Venture Capital,Information Technology
Via Sana,Sacha Bostoni,Angel (individual),Healthcare
Resolve Stroke,Emily Meads,Venture Capital,Healthcare
Ynstant,Olivier Baert,Angel (individual),Consumer Products and Services (B2C)
Verkor,Rania Belkahia,Venture Capital,Business Products and Services (B2B)
Toopi Organics,Marie-Anne Dupin-Vermersch,Venture Capital,Materials and Resources
UPMEM,Svetoslava Georgivea,Venture Capital,Information Technology
UPMEM,Reza Malekzadeh,Venture Capital,Information Technology
Beev,Thomas Bajas,Venture Capital,Consumer Products and Services (B2C)
Beev,Benjamin Zerbib,Venture Capital,Consumer Products and Services (B2C)
Feels,Adrien Miniatti,Angel (individual),Information Technology
Feels,Alexandre Yazdi,Angel (individual),Information Technology
Feels,Blaise Matuidi,Angel (individual),Information Technology
Feels,Eric Besson,Angel (individual),Information Technology
Predisurge,Francesca Mongardi,Venture Capital,Healthcare
Green Corp (Automotive),Amaury Mulliez,Venture Capital,Consumer Products and Services (B2C)
SpotLight (Other Commercial Products),Abdullah Al-Shaksy,Venture Capital,Business Products and Services (B2B)
Corteria Pharmaceuticals,Aidan King,Venture Capital,Healthcare
Corteria Pharmaceuticals,Luís Pareras,Venture Capital,Healthcare
Corteria Pharmaceuticals,Peter Neubeck,Venture Capital,Healthcare
Corteria Pharmaceuticals,Ward Capoen,Venture Capital,Healthcare
kheoos,Thibaud Le Séguillon,Venture Capital,Information Technology
Julaya,Edouard Mendy,Angel (individual),Information Technology
Julaya,Mohamed Dibi,Angel (individual),Information Technology
Aviwell,Florian Denis,Venture Capital,Business Products and Services (B2B)
Flagcat,Irwan Bello,Angel (individual),Consumer Products and Services (B2C)
Flagcat,Vincent Nallatamby,Angel (individual),Consumer Products and Services (B2C)
SpikImm,Antoine Pau,Venture Capital,Healthcare
Gradient Denervation Technologies,Sylvain Sachot,Venture Capital,Healthcare
Gradient Denervation Technologies,Manohar Iyer,Venture Capital,Healthcare
Gradient Denervation Technologies,Evan Castiglia,Venture Capital,Healthcare
Dioxycle,Clea Kolster,Venture Capital,Energy
BuyCo,Clémentine Breysse,Venture Capital,Information Technology
Mob-Energy,Thierry Fahmy,Angel (individual),Energy
Niryo,Alban Nenert,Venture Capital,Information Technology
EG 427,David Lamond,Angel (individual),Healthcare
73 Strings,Joshua Lloyd-Lyons,Venture Capital,Information Technology
Japet,Duncan Turner,Venture Capital,Healthcare
Bioceanor,Gentiane Gorlier,Venture Capital,Information Technology
DataGalaxy,Baris Aksoy,Venture Capital,Information Technology
GenSensor,Alexandre Boulay,Venture Capital,Healthcare
GenSensor,Valérie Allain-Dupre,Venture Capital,Healthcare
Paltech,Pascal Ansart,Venture Capital,Healthcare
Juno (Business /Productivity Software),Benjamin Gauchenot,Angel (individual),Information Technology
Juno (Business /Productivity Software),Renan Devillieres,Venture Capital,Information Technology
Akur8,Mark Chess,Venture Capital,Information Technology
Djust,Xavier Lazarus,Venture Capital,Information Technology
Djust,Philip Chopin,Venture Capital,Information Technology
Guided Energy,Santosh Sankar,Venture Capital,Business Products and Services (B2B)
Guided Energy,Michael Rolle,Angel (individual),Business Products and Services (B2B)
Guided Energy,Nico Rosberg,Angel (individual),Business Products and Services (B2B)
Bloom Lasers,Guillaume Lerouge,Angel (individual),Business Products and Services (B2B)
Bloom Lasers,Alain Rousset,Venture Capital,Business Products and Services (B2B)
Dealt,Andréa Bensaid,Angel (individual),Business Products and Services (B2B)
Dealt,Chantal Baudron,Angel (individual),Business Products and Services (B2B)
Dealt,Christophe Verley,Angel (individual),Business Products and Services (B2B)
Dealt,Gary Anssens,Angel (individual),Business Products and Services (B2B)
Dealt,Ilan Benhaim,Angel (individual),Business Products and Services (B2B)
Dealt,Jérémy Pouyer,Angel (individual),Business Products and Services (B2B)
Dealt,Matthieu Pihery,Angel (individual),Business Products and Services (B2B)
Dealt,Nicolas Paepegay,Angel (individual),Business Products and Services (B2B)
Dealt,Patricia Tranvouëz,Angel (individual),Business Products and Services (B2B)
Dealt,Pierre-Noel Luiggi,Angel (individual),Business Products and Services (B2B)
Dealt,Rachel Marouani,Angel (individual),Business Products and Services (B2B)
Dealt,Richard Courtois,Angel (individual),Business Products and Services (B2B)
Dealt,Thierry Lernon,Angel (individual),Business Products and Services (B2B)
Dealt,Vincent Nida,Angel (individual),Business Products and Services (B2B)
Sonio (Paris),Alain Decombe,Angel (individual),Healthcare
Sonio (Paris),Dominique Gaillard,Angel (individual),Healthcare
Sonio (Paris),Yann Fleureau,Angel (individual),Healthcare
Carthera,Diana Saraceni,Venture Capital,Healthcare
Carthera,Celia Hart,Venture Capital,Healthcare
Vestalis,Olivier Bronner,Venture Capital,Consumer Products and Services (B2C)
Optimiz Construction,Alexandre Brochot,Angel (individual),Information Technology
Optimiz Construction,Jérôme Manuguerra,Angel (individual),Information Technology
Optimiz Construction,Nicolas Mondollot,Angel (individual),Information Technology
Optimiz Construction,Alice Groth,Venture Capital,Information Technology
Perlib,Arnaud de Louvent,Angel (individual),Financial Services
Perlib,Geoffroy Bragadir,Angel (individual),Financial Services
Kernel (Human Capital Services),Salim Hassad,Venture Capital,Business Products and Services (B2B)
Million Victories,Pierre Planche,Venture Capital,Information Technology
FEVE,Thierry Fahmy,Angel (individual),Consumer Products and Services (B2C)
FEVE,Thierry Petit,Angel (individual),Consumer Products and Services (B2C)
Astran (Network Management Software),Tatiana Jama,Venture Capital,Information Technology
Kareg,Charles-Antoine Morand,Venture Capital,Financial Services
Jay & Joy,Bertrand Altmayer,Angel (individual),Consumer Products and Services (B2C)
Jay & Joy,Cédric Meston,Angel (individual),Consumer Products and Services (B2C)
Jay & Joy,Charles-César d'Amat,Angel (individual),Consumer Products and Services (B2C)
Jay & Joy,Guillaume Dubois,Angel (individual),Consumer Products and Services (B2C)
Jay & Joy,Jean-Baptiste Rudelle,Angel (individual),Consumer Products and Services (B2C)
Jay & Joy,Pierre-Emmanuel Bercegeay,Angel (individual),Consumer Products and Services (B2C)
BeFC,Marine Glon,Venture Capital,Energy
ExtraStudent,Adrien Montfort,Angel (individual),Information Technology
ExtraStudent,Benjamin Griveaux,Angel (individual),Information Technology
ExtraStudent,Carlo Purassanta,Angel (individual),Information Technology
ExtraStudent,Michaël Benabou,Angel (individual),Information Technology
ExtraStudent,Pascal Chevalier,Angel (individual),Information Technology
Pigment (Business/Productivity Software),Julien Codorniou,Venture Capital,Information Technology
Pigment (Business/Productivity Software),Seth Pierrepont,Venture Capital,Information Technology
Pigment (Business/Productivity Software),Ajay Vashee,Venture Capital,Information Technology
Cleyrop,Bernardus Verwaayen,Venture Capital,Information Technology
Charlie,Christian Nicolis,Angel (individual),Information Technology
Charlie,Jérémy Coudrais,Angel (individual),Information Technology
Charlie,Jonathan Stauber,Angel (individual),Information Technology
Charlie,Joseph Graceffa,Angel (individual),Information Technology
Gleamer,Christian Lautner,Venture Capital,Healthcare
Gleamer,Remi Spagnol,Venture Capital,Healthcare
Gleamer,Guillaume Meulle,Venture Capital,Healthcare
Riverse,Andreas Wiele,Angel (individual),Business Products and Services (B2B)
Riverse,Eric Berger,Angel (individual),Business Products and Services (B2B)
Riverse,Stephan Rohr,Angel (individual),Business Products and Services (B2B)
Riverse,Tobias Lechtenfeld,Angel (individual),Business Products and Services (B2B)
Expressive,Pierre Andurand,Angel (individual),Consumer Products and Services (B2C)
VeriQloud,Olivier Tonneau,Venture Capital,Information Technology
TISSIUM,Antoine Papiernik,Venture Capital,Healthcare
Omie (Food Products),Cyril Bertrand,Venture Capital,Consumer Products and Services (B2C)
Moon Surgical,Hongjie Hu,Venture Capital,Healthcare
Moon Surgical,Frederic Moll,Angel (individual),Healthcare
Moon Surgical,Alan Au,Venture Capital,Healthcare
Moon Surgical,Joshua Makower,Angel (individual),Healthcare
Moon Surgical,Richard Leparmentier,Angel (individual),Healthcare
Moon Surgical,Sacha Loiseau,Angel (individual),Healthcare
Moon Surgical,Antoine Papiernik,Venture Capital,Healthcare
Moon Surgical,Yann Fleureau,Angel (individual),Healthcare
Smartrenting,Rodrigo Schulz,Angel (individual),Consumer Products and Services (B2C)
Iziwork,William Vermont,Angel (individual),Business Products and Services (B2B)
VizioSense,Carlo Posing,Angel (individual),Information Technology
VizioSense,Dennis Brenndörfer,Angel (individual),Information Technology
VizioSense,Lionel Pelamourgues,Angel (individual),Information Technology
VizioSense,Michael Turner,Venture Capital,Information Technology
Worldia,Guillaume Dhee,Venture Capital,Consumer Products and Services (B2C)
Worldia,Antoine Boulin,Venture Capital,Consumer Products and Services (B2C)
Aptimiz,Charles-Henry Choel,Venture Capital,Information Technology
FoodoMarket,Rodolphe Menegaux,Venture Capital,Business Products and Services (B2B)
Edflex,Jean-Stephane Arcis,Angel (individual),Information Technology
Hupso,Axel Manoukian,Angel (individual),Information Technology
Hupso,Dimitri Farber,Angel (individual),Information Technology
Hupso,Hugo Manoukian,Angel (individual),Information Technology
Hupso,Marie Geneste,Angel (individual),Information Technology
Hupso,Patrick Asdaghi,Angel (individual),Information Technology
Hupso,Romain Libeau,Angel (individual),Information Technology
Hupso,Romain Rafard,Angel (individual),Information Technology
Kimialys,Tristan Garde,Venture Capital,Healthcare
Ciliatech,Bernard Chauvin,Angel (individual),Healthcare
Sinay,Nathalie Chemtob,Venture Capital,Information Technology
Sinay,Sandrine Petitjean,Venture Capital,Information Technology
Sinay,Isabelle de Cremoux,Venture Capital,Information Technology
Sinay,Yann Marteil,Venture Capital,Information Technology
MerciApp,Didier Kuhn,Angel (individual),Information Technology
Woodoo,Christopher Sacca,Venture Capital,Materials and Resources
OSO-AI,Vincent Deltrieu,Venture Capital,Healthcare
Primo (Business/Productivity Software),Arthur Waller,Angel (individual),Information Technology
Primo (Business/Productivity Software),Ilana Elbaz,Angel (individual),Information Technology
Primo (Business/Productivity Software),Josef Bovet,Angel (individual),Information Technology
Primo (Business/Productivity Software),Mathieu Birach,Angel (individual),Information Technology
Primo (Business/Productivity Software),Romain Libeau,Angel (individual),Information Technology
Primo (Business/Productivity Software),Romain Niccoli,Angel (individual),Information Technology
Bitstack,Marc Menasé,Venture Capital,Information Technology
Pulpe De Vie,Armand Perrin,Venture Capital,Consumer Products and Services (B2C)
Pulpe De Vie,Pierre Joubert,Venture Capital,Consumer Products and Services (B2C)
Santé Académie,Eric Gossart,Venture Capital,Healthcare
Santé Académie,Sonia Trocmé-Le Page,Venture Capital,Healthcare
Ynsect,Robert Downey,Angel (individual),Materials and Resources
Ynsect,Yves Sisteron,Venture Capital,Materials and Resources
Hinfact,Alban Nenert,Venture Capital,Information Technology
Qiara,Xavier Niel,Angel (individual),Information Technology
Thynk (Business/Productivity Software),Itai Tsiddon,Angel (individual),Information Technology
EyeLights,Isabelle Gallo,Venture Capital,Consumer Products and Services (B2C)
EyeLights,Matthieu de Chanville,Venture Capital,Consumer Products and Services (B2C)
Graneet,Jesse Tunay-Bukalo,Angel (individual),Information Technology
Graneet,Nicolas Dessagne,Angel (individual),Information Technology
Graneet,Rodolphe Ardant,Angel (individual),Information Technology
Brut.,Xavier Niel,Angel (individual),Consumer Products and Services (B2C)
50inTech,Alexandre Fretti,Angel (individual),Business Products and Services (B2B)
50inTech,Corinne Vigreux,Angel (individual),Business Products and Services (B2B)
50inTech,Florian Douetteau,Angel (individual),Business Products and Services (B2B)
50inTech,Gimena Dia,Angel (individual),Business Products and Services (B2B)
Trendex,Rudy Gobert-Bourgarel,Angel (individual),Information Technology
KillBills,Edouard Nattée,Angel (individual),Information Technology
DataDome,Julie Effron,Venture Capital,Information Technology
DataDome,Jean-David Chamboredon,Venture Capital,Information Technology
Ledger,Jacobo Abitbol,Venture Capital,Information Technology
Ledger,Timothy Draper,Venture Capital,Information Technology
Ledger,Matthias Turck,Venture Capital,Information Technology
Ledger,Gary Vaynerchuk,Angel (individual),Information Technology
Ledger,Fleur Pellerin,Venture Capital,Information Technology
Ledger,Peter Chapman,Venture Capital,Information Technology
Ledger,Scott Galloway,Angel (individual),Information Technology
Ledger,Timothy Draper,Angel (individual),Information Technology
Glopal,Pierre Denis,Angel (individual),Information Technology
Effy (Energy Services),Frederic Court,Venture Capital,Energy
Neoline,Frédéric Le Guillou,Venture Capital,Business Products and Services (B2B)
Little Worker,Jacques Riviere,Angel (individual),Information Technology
D-ICE Engineering,Véronique Hamel,Venture Capital,Business Products and Services (B2B)
D-ICE Engineering,Nathalie Leroux,Venture Capital,Business Products and Services (B2B)
Roundtable (Financial Software),Christopher Zemina,Angel (individual),Information Technology
Roundtable (Financial Software),David Savasci,Angel (individual),Information Technology
Roundtable (Financial Software),Felix Wolf,Angel (individual),Information Technology
Roundtable (Financial Software),Michael Ströck,Angel (individual),Information Technology
Roundtable (Financial Software),Patrick Andrae,Angel (individual),Information Technology
Sifflet,Alex Ferrara,Venture Capital,Information Technology
Sifflet,Carl Svantesson,Venture Capital,Information Technology
Sifflet,Yannick Oswald,Venture Capital,Information Technology
Inato,Jean-François Cochy,Venture Capital,Healthcare
Inato,Rohan Ganesh,Venture Capital,Healthcare
Inato,Adam Ghobarah,Venture Capital,Healthcare
MentorShow,Maxence Valero,Venture Capital,Consumer Products and Services (B2C)
MentorShow,Marie-Christine Levet,Venture Capital,Consumer Products and Services (B2C)
MentorShow,Laurent Ritter,Angel (individual),Consumer Products and Services (B2C)
MentorShow,Matthew Miller,Venture Capital,Consumer Products and Services (B2C)
MentorShow,Paul Lê,Angel (individual),Consumer Products and Services (B2C)
MentorShow,Romain Raffard,Angel (individual),Consumer Products and Services (B2C)
Sport Faction,Guillaume Lautour,Venture Capital,Business Products and Services (B2B)
Expliseat,David Leray,Venture Capital,Business Products and Services (B2B)
Ieva Group,Stéphane Simoncini,Venture Capital,Consumer Products and Services (B2C)
Matera,Martin Mignot,Venture Capital,Information Technology
Hyprevention,Chan-Yuan Lu,Venture Capital,Healthcare
Diogenx,Alain Huriez,Venture Capital,Healthcare
Diogenx,Claus Andersson,Venture Capital,Healthcare
Diogenx,Katie Ellias,Venture Capital,Healthcare
Palm.ai,Adrien Monfort,Angel (individual),Information Technology
Palm.ai,Eric Douilhet,Angel (individual),Information Technology
Palm.ai,Maxime Augiat,Angel (individual),Information Technology
Palm.ai,Sebastian Sheriff,Angel (individual),Information Technology
Palm.ai,Vanessa Proust,Angel (individual),Information Technology
SESAMm,Pauline Roux,Venture Capital,Information Technology
Mangrove,Gleb Dudka,Venture Capital,Information Technology
Mangrove,Miko Matsumura,Venture Capital,Information Technology
Aurora Cold Plasma Sterilisation,Bruno Guicheux,Venture Capital,Healthcare
Obvy,Antoine d'Ydewalle,Venture Capital,Information Technology
Obvy,Cyril Marchi,Angel (individual),Information Technology
Obvy,Edouard Janssen,Angel (individual),Information Technology
Obvy,Mike Vandenhooft,Angel (individual),Information Technology
Obvy,Nicolas Debray,Angel (individual),Information Technology
Obvy,Quentin Adam,Angel (individual),Information Technology
Orosound,Bertrand Distinguin,Venture Capital,Consumer Products and Services (B2C)
BIBAK,Marc Menasé,Venture Capital,Business Products and Services (B2B)
DNA Gensee,Chloé Cohen-Aknine,Venture Capital,Healthcare
Futura Gaïa,Alain Raymond,Angel (individual),Materials and Resources
Avicenna.Ai,Vincent Deltrieu,Venture Capital,Healthcare
VUF Bikes,Jean-Christophe Kugler,Angel (individual),Consumer Products and Services (B2C)
VUF Bikes,Timothée Malige,Angel (individual),Consumer Products and Services (B2C)
GreenWaves Technologies,Vincent Deltrieu,Venture Capital,Information Technology
Mag4Health,Stéphane Legastelois,Venture Capital,Healthcare
Mag4Health,Joël Besse,Angel (individual),Healthcare
AdipoPharma,Alain Parthoens,Venture Capital,Healthcare
Black Tiger,Christine Hick,Venture Capital,Information Technology
Firecell,Antoine Roland,Angel (individual),Information Technology
Firecell,Damien Roland,Angel (individual),Information Technology
Firecell,Hervé Seux,Angel (individual),Information Technology
Firecell,Iswan Roland,Angel (individual),Information Technology
Firecell,Patrick Dreyfuss,Angel (individual),Information Technology
Firecell,Pierre-Louis Theron,Angel (individual),Information Technology
Fleeti,Salim Hassad,Venture Capital,Information Technology
Kombo.,Nicolas Brumelot,Angel (individual),Consumer Products and Services (B2C)
Kombo.,Patrick Dalsace,Angel (individual),Consumer Products and Services (B2C)
Kombo.,Pierre Bonelli,Angel (individual),Consumer Products and Services (B2C)
Mium Lab,Julio Benetti,Venture Capital,Consumer Products and Services (B2C)
HSL Technologies,Hermann Hauser,Venture Capital,Business Products and Services (B2B)
hemea,Ben Marrel,Angel (individual),Consumer Products and Services (B2C)
hemea,Pierre-Yves Meerschman,Venture Capital,Consumer Products and Services (B2C)
PlanetWatch,David Garcia,Venture Capital,Information Technology
Welcome to the Jungle,Guillaume Meulle,Venture Capital,Business Products and Services (B2B)
"Parcel (Restaurants, Hotels and Leisure)",Francis Nappez,Angel (individual),Consumer Products and Services (B2C)
"Parcel (Restaurants, Hotels and Leisure)",Fabrice Attané-Ferrand,Venture Capital,Consumer Products and Services (B2C)
Cosmo Tech,Ivo Nemejc,Venture Capital,Information Technology
EGERIE,Roel Reijnen,Venture Capital,Information Technology
Emagina,Cécile Réal,Venture Capital,Healthcare
Superindep.fr,Renaud Guillerm,Venture Capital,Information Technology
Pasqal,Christophe Jurczak,Venture Capital,Information Technology
mobile.club,Antoine Arnault,Angel (individual),Consumer Products and Services (B2C)
mobile.club,Xavier Niel,Angel (individual),Consumer Products and Services (B2C)
Amolyt Pharma,Felice Weegen,Venture Capital,Healthcare
Amolyt Pharma,Thierry Laugel,Venture Capital,Healthcare
Amolyt Pharma,Iyona Rajkomar,Venture Capital,Healthcare
Amolyt Pharma,Stefan Larson,Venture Capital,Healthcare
Amolyt Pharma,Cedric Moreau,Venture Capital,Healthcare
Volta Medical,Janke Dittmer,Venture Capital,Healthcare
Ganymed Robotics,Philippe Peltier,Venture Capital,Healthcare
Carrieres De La Vallee Heureuse,Financière Pouyanne,Angel (individual),Materials and Resources
Mediarithmics,Claire Houry,Venture Capital,Business Products and Services (B2B)
Artis Groupe,Benoit Perrin,Venture Capital,Energy
Cairdac,Celia Hart,Venture Capital,Healthcare
Healshape,Alexandre Boulay,Venture Capital,Healthcare
Ephemera,Eric Freshon,Angel (individual),Consumer Products and Services (B2C)
Ephemera,Julien Sylvain,Angel (individual),Consumer Products and Services (B2C)
Ephemera,Quentin Reygrobellet,Angel (individual),Consumer Products and Services (B2C)
Ephemera,Sacha Bostoni,Angel (individual),Consumer Products and Services (B2C)
Ephemera,Victor Lugger,Angel (individual),Consumer Products and Services (B2C)
Akur8,Mark Chess,Venture Capital,Information Technology
Cailabs,Frederic Humbert,Venture Capital,Information Technology
Cailabs,Harold Dumeurger,Venture Capital,Information Technology
Vianova,Tomas Kemtys,Venture Capital,Business Products and Services (B2B)
Enosis,Alexandre Braconnier,Venture Capital,Business Products and Services (B2B)
Explora Project,Alexandre Pelletier,Venture Capital,Consumer Products and Services (B2C)
Brigad,Raphael Labbe,Angel (individual),Business Products and Services (B2B)
Giskard,Charles Gorintin,Angel (individual),Information Technology
Giskard,Chris Schagen,Angel (individual),Information Technology
Giskard,Christine Balagué,Angel (individual),Information Technology
Giskard,Sébastien Lefebvre,Venture Capital,Information Technology
Giskard,Emmanuel Cassimatis,Angel (individual),Information Technology
Giskard,Frederik Jacobs,Angel (individual),Information Technology
Giskard,Nathalie Gaveau,Angel (individual),Information Technology
Giskard,Niall Murphy,Angel (individual),Information Technology
Giskard,Nicolas Hernandez,Angel (individual),Information Technology
Giskard,Oscar Salazar,Angel (individual),Information Technology
Giskard,Sébastien Lefebvre,Angel (individual),Information Technology
Giskard,Shéhérazade de Boisséson,Angel (individual),Information Technology
Giskard,Simon Dawlat,Angel (individual),Information Technology
Giskard,Victor Coisne,Angel (individual),Information Technology
Giskard,Vincent Huguet,Angel (individual),Information Technology
Le Collectionist,Fabrice Grinda,Angel (individual),Consumer Products and Services (B2C)
Le Collectionist,Irena Goldenberg,Venture Capital,Consumer Products and Services (B2C)
Le Collectionist,Nathalie Roy,Angel (individual),Consumer Products and Services (B2C)
Le Collectionist,Alban Greget,Venture Capital,Consumer Products and Services (B2C)
Le Collectionist,Xavier Romatet,Angel (individual),Consumer Products and Services (B2C)
Kiro,Edward Kliphuis,Venture Capital,Healthcare
Sêmeia,Erik Boulard,Angel (individual),Healthcare
Sêmeia,Thierry Alliotte,Angel (individual),Healthcare
Evaneos,Bruno Crémel,Venture Capital,Consumer Products and Services (B2C)
Evaneos,Marc Fournier,Venture Capital,Consumer Products and Services (B2C)
Evaneos,Nicolas Rose,Venture Capital,Consumer Products and Services (B2C)
ImVitro,Matthew Wichrowski,Venture Capital,Healthcare
Leto,Bernard Kirsch,Angel (individual),Information Technology
Leto,Dali Kilani,Angel (individual),Information Technology
Leto,Julien Boubel,Angel (individual),Information Technology
Leto,Alexis Robert,Venture Capital,Information Technology
Leto,Marc Xavier,Angel (individual),Information Technology
Leto,Olivier Pailhes,Angel (individual),Information Technology
Leto,Pierre-Baptiste Bechu,Angel (individual),Information Technology
Ligerio,Adhemar Autrand,Angel (individual),Consumer Products and Services (B2C)
Ligerio,Adrian de Felcourt,Angel (individual),Consumer Products and Services (B2C)
Ligerio,Alec alec,Angel (individual),Consumer Products and Services (B2C)
Ligerio,Alexander Frangulian,Angel (individual),Consumer Products and Services (B2C)
Ligerio,Alexis de Galembert,Angel (individual),Consumer Products and Services (B2C)
Ligerio,Alexis Menard,Angel (individual),Consumer Products and Services (B2C)
Ligerio,Antoine de Sigy,Angel (individual),Consumer Products and Services (B2C)
Ligerio,Armand de Villoutreys,Angel (individual),Consumer Products and Services (B2C)
Ligerio,Arthur de Soultrait,Angel (individual),Consumer Products and Services (B2C)
Ligerio,Baudoin Lescuyer,Angel (individual),Consumer Products and Services (B2C)
Ligerio,Cecile de Guillebon,Angel (individual),Consumer Products and Services (B2C)
Ligerio,Charles-Francois Bonnet,Angel (individual),Consumer Products and Services (B2C)
Ligerio,Christian Riedi,Angel (individual),Consumer Products and Services (B2C)
Ligerio,Clement Ouizille,Angel (individual),Consumer Products and Services (B2C)
Ligerio,Edouard Gouin,Angel (individual),Consumer Products and Services (B2C)
Ligerio,Edward Piffard,Angel (individual),Consumer Products and Services (B2C)
Ligerio,Emmanuel Thomassin,Angel (individual),Consumer Products and Services (B2C)
Ligerio,Etienne Mahler,Angel (individual),Consumer Products and Services (B2C)
Ligerio,Florence Richardson,Angel (individual),Consumer Products and Services (B2C)
Ligerio,Florian Sauvin,Angel (individual),Consumer Products and Services (B2C)
Ligerio,Folco Aloisi,Angel (individual),Consumer Products and Services (B2C)
Ligerio,Francis Dufay,Angel (individual),Consumer Products and Services (B2C)
Ligerio,Francois Durvye,Angel (individual),Consumer Products and Services (B2C)
Ligerio,Frederick de Castro,Angel (individual),Consumer Products and Services (B2C)
Ligerio,Alexis Menard,Venture Capital,Consumer Products and Services (B2C)
Ligerio,Jean-Marc Drubay,Angel (individual),Consumer Products and Services (B2C)
Ligerio,Jeremy Blackwell,Angel (individual),Consumer Products and Services (B2C)
Ligerio,Julien Deconinck,Angel (individual),Consumer Products and Services (B2C)
Ligerio,Juliet of Clermont-Tonnerre,Angel (individual),Consumer Products and Services (B2C)
Ligerio,Laurent La Bonnardiere,Angel (individual),Consumer Products and Services (B2C)
Ligerio,Leonardo de Tilly,Angel (individual),Consumer Products and Services (B2C)
Ligerio,Lionel Drouin,Angel (individual),Consumer Products and Services (B2C)
Ligerio,Marcy de Soultrait,Angel (individual),Consumer Products and Services (B2C)
Ligerio,Nicholas of Fraguier,Angel (individual),Consumer Products and Services (B2C)
Ligerio,Nicolas Deconinck,Angel (individual),Consumer Products and Services (B2C)
Ligerio,Olivier Dousset,Angel (individual),Consumer Products and Services (B2C)
Ligerio,Pierre Dhavernas,Angel (individual),Consumer Products and Services (B2C)
Ligerio,Sébastien de Lafond,Angel (individual),Consumer Products and Services (B2C)
Ligerio,William of Martel,Angel (individual),Consumer Products and Services (B2C)
Mycophyto,Dominique Gaillard,Angel (individual),Materials and Resources
Mycophyto,Erik Orsenna,Angel (individual),Materials and Resources
BodyCap,Bruno Guicheux,Venture Capital,Healthcare
Carot (Restaurants and Bars),Pierre-Antoine Cognard,Angel (individual),Consumer Products and Services (B2C)
Lokki,Arthur Waller,Angel (individual),Information Technology
Lokki,Gary Anssens,Angel (individual),Information Technology
Lokki,Guillaume Rouby,Angel (individual),Information Technology
Lokki,Paulin Dementhon,Angel (individual),Information Technology
Lokki,Pierre-Emmanuel Bercegeay,Angel (individual),Information Technology
Lokki,Léa Zaslavsky,Venture Capital,Information Technology
RESEE,Darren Starr,Angel (individual),Consumer Products and Services (B2C)
RESEE,Michael Dayan,Angel (individual),Consumer Products and Services (B2C)
RESEE,Shari Glazer,Angel (individual),Consumer Products and Services (B2C)
Heex Technologies,Michael Thomas,Venture Capital,Information Technology
Microphyt,Michael Krel,Venture Capital,Healthcare
Ejara,Jason Yanowitz,Angel (individual),Information Technology
Kiln (Paris),Ciaran O'Leary,Venture Capital,Information Technology
Kiln (Paris),Benoit Bosc,Venture Capital,Information Technology
Kiln (Paris),Rezso Szabo,Venture Capital,Information Technology
eazee link,Emmanuel Knafou,Angel (individual),Information Technology
eazee link,Marc Tubiana,Angel (individual),Information Technology
eazee link,Paul Hagège,Angel (individual),Information Technology
AB Tasty,Reza Malekzadeh,Venture Capital,Information Technology
Alinova,Bertrand Distinguin,Venture Capital,Materials and Resources
Le Calabash,Todd Wiebusch,Venture Capital,Consumer Products and Services (B2C)
Livmed's,Fred Destin,Angel (individual),Consumer Products and Services (B2C)
Livmed's,Jacques Richier,Angel (individual),Consumer Products and Services (B2C)
Livmed's,Laurent Caredda,Angel (individual),Consumer Products and Services (B2C)
Screeb (Business/Productivity Software),Antoine Esnault,Angel (individual),Information Technology
Screeb (Business/Productivity Software),Aurélien Sorbay,Angel (individual),Information Technology
Screeb (Business/Productivity Software),Eduardo Ronzano,Angel (individual),Information Technology
Screeb (Business/Productivity Software),Franck Silva,Angel (individual),Information Technology
Screeb (Business/Productivity Software),Frédéric de Gombert,Angel (individual),Information Technology
Screeb (Business/Productivity Software),Gabriel Gourovitch,Angel (individual),Information Technology
Screeb (Business/Productivity Software),Julien Landure,Angel (individual),Information Technology
Screeb (Business/Productivity Software),Nicolas Dupont,Angel (individual),Information Technology
Screeb (Business/Productivity Software),Pierre Facq,Angel (individual),Information Technology
Screeb (Business/Productivity Software),Stan Massueras,Angel (individual),Information Technology
Screeb (Business/Productivity Software),Sylvain Eche,Angel (individual),Information Technology
Screeb (Business/Productivity Software),Thibaud Elziere,Angel (individual),Information Technology
Bsport,Bruno Rivet,Venture Capital,Information Technology
PhotoRoom,Bernard Liautaud,Venture Capital,Information Technology
Valoregen,Jean-Christophe Kugler,Angel (individual),Business Products and Services (B2B)
Virgil,Emmanuel Amon,Angel (individual),Financial Services
Virgil,Victoria van Lennep,Angel (individual),Financial Services
Bellman,Nicolas Brand,Venture Capital,Information Technology
Kovalee (Software Development Applications),Alan Fung,Angel (individual),Information Technology
Kovalee (Software Development Applications),Alexandre Berriche,Angel (individual),Information Technology
Five Lives,Christian Leybold,Venture Capital,Healthcare
Y-Brush,Benoît Petit,Angel (individual),Healthcare
Y-Brush,Valérie Poinsot,Angel (individual),Healthcare
Y-Brush,Wendie Renard,Angel (individual),Healthcare
Pelico,Adrien Nussenbaum,Angel (individual),Information Technology
Pelico,Bastian Nominacher,Angel (individual),Information Technology
Pelico,Carsten Thoma,Angel (individual),Information Technology
Faume,Charles-Henry Tranie,Venture Capital,Information Technology
Faume,Michaël Benabou,Angel (individual),Information Technology
MyTraffic,Benoit Fosseprez,Venture Capital,Business Products and Services (B2B)
Fintecture,Huey Lin,Angel (individual),Information Technology
Fintecture,Olivier Pomel,Angel (individual),Information Technology
Artifakt,Alexis Bonillo,Angel (individual),Information Technology
Trout (Network Management Software),Anshul Gupta,Angel (individual),Information Technology
Trout (Network Management Software),Ashok Kakani,Angel (individual),Information Technology
Trout (Network Management Software),Clément Buyse,Angel (individual),Information Technology
Trout (Network Management Software),David Cross,Angel (individual),Information Technology
Trout (Network Management Software),Jonathan Benhamou,Angel (individual),Information Technology
Trout (Network Management Software),Alexis Robert,Venture Capital,Information Technology
Trout (Network Management Software),Olivier Selignan,Angel (individual),Information Technology
Trout (Network Management Software),Scott Blandford,Angel (individual),Information Technology
Trout (Network Management Software),Ty Sbano,Angel (individual),Information Technology
Qantev,Anne-Sophie Carrese,Venture Capital,Information Technology
Shippeo,Remy de Tonnac,Venture Capital,Information Technology
Shippeo,Bo Ilsøe,Venture Capital,Information Technology
Shippeo,Philippe Collombel,Venture Capital,Information Technology
Inotrem,Ena Prosser,Venture Capital,Healthcare
Beebs,Jean-David Chamboredon,Venture Capital,Consumer Products and Services (B2C)
Boxy (Department Stores),Clara Audry,Venture Capital,Consumer Products and Services (B2C)
Boxy (Department Stores),George Henry,Venture Capital,Consumer Products and Services (B2C)
Boxy (Department Stores),Olivier Martret,Venture Capital,Consumer Products and Services (B2C)
Outsight,Kevin Skillern,Venture Capital,Information Technology
Fincome,Julian Kabab,Angel (individual),Information Technology
Fincome,Rodolphe Ardant,Angel (individual),Information Technology
Wormsensing,Frederic Humbert,Venture Capital,Information Technology
Wormsensing,Nuno Carvalho,Venture Capital,Information Technology
Citalid,Mathieu Viallard,Venture Capital,Information Technology
Citalid,Ludovic Denis,Venture Capital,Information Technology
Samp,Gernot Berger,Venture Capital,Information Technology
Samp,Benjamin Wainstain,Venture Capital,Information Technology
SlimPay,Sake Bosch,Venture Capital,Information Technology
Terakalis,Fabio Lancellotti,Venture Capital,Information Technology
Meilisearch,Tobi Coker,Venture Capital,Information Technology
Meilisearch,Guillermo Rauch,Angel (individual),Information Technology
Oe,Francis Nappez,Angel (individual),Consumer Products and Services (B2C)
Oe,Frédéric Mazzella,Angel (individual),Consumer Products and Services (B2C)
Oe,Michel Reybier,Angel (individual),Consumer Products and Services (B2C)
Biodol Therapeutics,Ward Capoen,Venture Capital,Healthcare
Gourmey,Nathan Benaich,Venture Capital,Consumer Products and Services (B2C)
Trustpair,Mathieu Viallard,Venture Capital,Information Technology
Trustpair,Isabelle Gallo,Venture Capital,Information Technology
Aniah,Damien Bretegnier,Venture Capital,Information Technology
Deepomatic,François Meteyer,Venture Capital,Information Technology
Fairmat (Materials),Raffi Kamber,Venture Capital,Materials and Resources
OBsam,Benoit Perrin,Venture Capital,Business Products and Services (B2B)
OneFlash,Bernard Mourad,Angel (individual),Business Products and Services (B2B)
OneFlash,Julien Callède,Angel (individual),Business Products and Services (B2B)
Flexikeg,Bruno Guicheux,Venture Capital,Materials and Resources
Hysope,Bertrand Diard,Angel (individual),Consumer Products and Services (B2C)
Hysope,Constantin Wolfrom,Angel (individual),Consumer Products and Services (B2C)
Hysope,Jérôme Rayet,Venture Capital,Consumer Products and Services (B2C)
Privateaser,Marc Fournier,Venture Capital,Business Products and Services (B2B)
Phenix,Fabrice Bienfait,Venture Capital,Business Products and Services (B2B)
Pigment (Business/Productivity Software),Ajay Vashee,Venture Capital,Information Technology
Pigment (Business/Productivity Software),Robert Ward,Venture Capital,Information Technology
Stockly,Edouard Nattée,Angel (individual),Business Products and Services (B2B)
Stockly,Philippe Englebert,Angel (individual),Business Products and Services (B2B)
Outmind,Axel Manoukian,Angel (individual),Information Technology
Outmind,Charles Beigbeder,Angel (individual),Information Technology
Outmind,Clément Bouillaud,Angel (individual),Information Technology
Outmind,Dimitri Farber-Garcia,Angel (individual),Information Technology
Outmind,Guillaume Moubeche,Angel (individual),Information Technology
Outmind,Hugo Manoukian,Angel (individual),Information Technology
Outmind,Raphaël Boukris,Angel (individual),Information Technology
Outmind,Romain Gautier,Angel (individual),Information Technology
Piloc,Olivier Bonnet,Angel (individual),Information Technology
Piloc,Thibault Renouf,Angel (individual),Information Technology
Poool,Marc Ménasé,Angel (individual),Information Technology
Surge (Decision/Risk Analysis),Rami El Assal,Venture Capital,Healthcare
Surge (Decision/Risk Analysis),Alexis Houssou,Venture Capital,Healthcare
Surge (Decision/Risk Analysis),Nicolas Godin,Angel (individual),Healthcare
Immortal Game,Kevin Durant,Angel (individual),Information Technology
Retrofleet,Fabio Ferrari,Angel (individual),Consumer Products and Services (B2C)
Retrofleet,Benjamin Wainstain,Venture Capital,Consumer Products and Services (B2C)
Sweetch Energy,Sofia Hmich,Venture Capital,Energy
Sweetch Energy,Bertrand Distinguin,Venture Capital,Energy
Gryzzly,Gaultier Boniface,Angel (individual),Information Technology
Spectral (Business/Productivity Software),Herve Bachelot Lallier,Venture Capital,Information Technology
Ternoa,Deeban Ratneswaran,Venture Capital,Information Technology
Ternoa,Kyle Chasse,Venture Capital,Information Technology
Platform.sh,Eric Buatois,Venture Capital,Information Technology
Platform.sh,Reza Malekzadeh,Venture Capital,Information Technology
Stellia,Alban Nenert,Venture Capital,Information Technology
SparingVision,Owen Smith,Venture Capital,Healthcare
SparingVision,Karen Wagner,Venture Capital,Healthcare
Defacto (Financial Software),Didier Valet,Angel (individual),Information Technology
Defacto (Financial Software),David Sainteff,Venture Capital,Information Technology
Defacto (Financial Software),Jonathan Userovici,Venture Capital,Information Technology
Defacto (Financial Software),Kilian Pender,Venture Capital,Information Technology
Defacto (Financial Software),Rodolphe Ardant,Angel (individual),Information Technology
Defacto (Financial Software),Thibaud Elziere,Angel (individual),Information Technology
Defacto (Financial Software),Victoria van Lennep,Angel (individual),Information Technology
Moments Lab,Dominique Edelin,Angel (individual),Information Technology
Moments Lab,Dominique Edelin,Venture Capital,Information Technology
Moments Lab,Romain Sautrau,Venture Capital,Information Technology
Carroucell,Jan Van den Berghe,Venture Capital,Healthcare
Detective Box,Fabrice Dominguez,Angel (individual),Information Technology
Detective Box,François Carbone,Angel (individual),Information Technology
Detective Box,Régis Bonnessée,Angel (individual),Information Technology
Tchek,Armand Perrin,Venture Capital,Information Technology
Cryptr,Alexei Chemenda,Angel (individual),Information Technology
Cryptr,Emmanuel Touboul,Angel (individual),Information Technology
Cryptr,Guillaume Lestrade,Angel (individual),Information Technology
Cryptr,Guillaume Luccisano,Angel (individual),Information Technology
Cryptr,Jean-Baptiste Aviat,Angel (individual),Information Technology
Cryptr,Jonathan Bordereau,Angel (individual),Information Technology
Cryptr,Marc Sabatier,Angel (individual),Information Technology
Cryptr,Nicolas Dessaigne,Angel (individual),Information Technology
Cryptr,Guillaume Waser,Venture Capital,Information Technology
Digeiz,Pierre Le Blainvaux,Venture Capital,Information Technology
Digitizme,Sandra Dubos,Venture Capital,Information Technology
Entourage,Tilo Bonow,Venture Capital,Business Products and Services (B2B)
Praiz,Yves Weisselberger,Angel (individual),Information Technology
Tilli,Aurélien de Meaux,Angel (individual),Consumer Products and Services (B2C)
Tilli,Christian Terrassoux,Angel (individual),Consumer Products and Services (B2C)
Tilli,Elie Kouby,Angel (individual),Consumer Products and Services (B2C)
Xpln.ai,Eliott Reilhac,Angel (individual),Business Products and Services (B2B)
Xpln.ai,Franck Lhuerre,Angel (individual),Business Products and Services (B2B)
Xpln.ai,Lilian Thibault,Angel (individual),Business Products and Services (B2B)
Xpln.ai,Nicolas Rieul,Angel (individual),Business Products and Services (B2B)
Kartable,Romain Lavault,Venture Capital,Information Technology
Dalma.,Julien Gigoi,Angel (individual),Financial Services
Dalma.,Olivier Bonnet,Angel (individual),Financial Services
Dalma.,Sam Edelson,Angel (individual),Financial Services
Meiogenix,Jenny Rooke,Venture Capital,Materials and Resources
Meiogenix,Thierry Laugel,Venture Capital,Materials and Resources
Meiogenix,Michael Krel,Venture Capital,Materials and Resources
EVEXTA BIO,Antoine Pau,Venture Capital,Healthcare
Koyeb,Bertrand Diard,Venture Capital,Information Technology
Green Impulse,Frédéric Le Guillou,Venture Capital,Materials and Resources
Fairly Made,Lucy Rands,Venture Capital,Business Products and Services (B2B)
Interstellar Lab,Bradley Mullen,Angel (individual),Materials and Resources
Interstellar Lab,Tim Seears,Angel (individual),Materials and Resources
Interstellar Lab,Zachary Gilula,Angel (individual),Materials and Resources
Moneco,Alan Rutledge,Angel (individual),Information Technology
Moneco,Austen Allred,Angel (individual),Information Technology
Teamstarter,Benoît Leclercq,Angel (individual),Information Technology
Teamstarter,Benoit Queyrel,Angel (individual),Information Technology
Teamstarter,Bertrand Leclercq,Angel (individual),Information Technology
Teamstarter,Nicolas Petrovic,Angel (individual),Information Technology
Teamstarter,Patrick Dixneuf,Angel (individual),Information Technology
Unitalk.,Guillaume Gerry,Angel (individual),Information Technology
Unitalk.,Reda Bouraoui,Angel (individual),Information Technology
Mablink,Florian Denis,Venture Capital,Healthcare
Cuure,Pierre Kiener,Venture Capital,Consumer Products and Services (B2C)
Shares,Peter Thiel,Angel (individual),Information Technology
Shares,Serena Williams,Angel (individual),Information Technology
Shares,Venus Williams,Angel (individual),Information Technology
Onepilot,François Santi,Venture Capital,Information Technology
GEOLITH,Franck Boget,Angel (individual),Business Products and Services (B2B)
GEOLITH,Patrice Guguin,Angel (individual),Business Products and Services (B2B)
GEOLITH,Philippe Degremont,Angel (individual),Business Products and Services (B2B)
GEOLITH,Philippe Gislette,Angel (individual),Business Products and Services (B2B)
ContentSquare,Anthony Zappalà,Venture Capital,Information Technology
Champagne EPC,Cedric Sellin,Angel (individual),Consumer Products and Services (B2C)
Tridek-One,Alain Huriez,Venture Capital,Healthcare
Tridek-One,Alain Huriez,Venture Capital,Healthcare
Tridek-One,Klaus Breiner,Venture Capital,Healthcare
Evy,Adrien Nussenbaum,Angel (individual),Financial Services
Evy,Raphaël Vullierme,Angel (individual),Financial Services
Evy,Xavier Niel,Angel (individual),Financial Services
Orus,Arthur Waller,Angel (individual),Financial Services
Orus,Christophe Triquet,Angel (individual),Financial Services
Orus,Emmanuel Chave,Angel (individual),Financial Services
Orus,Jérôme Ros,Angel (individual),Financial Services
Orus,Marie Muller,Angel (individual),Financial Services
Orus,Alison Imbert,Venture Capital,Financial Services
Orus,Pierre-Olivier Desaulle,Angel (individual),Financial Services
Orus,Raphaël Vullierme,Angel (individual),Financial Services
Fifty,Axel Manoukian,Angel (individual),Information Technology
Fifty,Hugo Manoukian,Angel (individual),Information Technology
Revcoo,Charles Fourault,Venture Capital,Business Products and Services (B2B)
Baouw,Jean-Christophe Liaubet,Angel (individual),Consumer Products and Services (B2C)
BforeAI,Enrico Raggini,Venture Capital,Information Technology
BforeAI,Emmanuel Daugeras,Venture Capital,Information Technology
BforeAI,Kristjan Laanemaa,Venture Capital,Information Technology
BforeAI,María Téllez,Venture Capital,Information Technology
Digital4Better,David Leray,Venture Capital,Information Technology
Latitude,Maxence Valero,Venture Capital,Business Products and Services (B2B)
Latitude,Charles Beigbeder,Venture Capital,Business Products and Services (B2B)
Royaltiz,Alexandra Serizay,Angel (individual),Information Technology
Royaltiz,Jacques Richier,Angel (individual),Information Technology
Royaltiz,Julien Martinez,Angel (individual),Information Technology
Royaltiz,Remy Boulesteix,Angel (individual),Information Technology
Royaltiz,Stephan Catoire,Angel (individual),Information Technology
Royaltiz,Thomas Blondet,Angel (individual),Information Technology
Cosmo Connected,Adrien Dassault,Angel (individual),Consumer Products and Services (B2C)
Cosmo Connected,Gary Anssens,Angel (individual),Consumer Products and Services (B2C)
Cosmo Connected,Patrice Pastor,Angel (individual),Consumer Products and Services (B2C)
Sorare,Blake Griffin,Angel (individual),Information Technology
Sorare,Kylian Mbappe,Angel (individual),Information Technology
Sorare,Lionel Messi,Angel (individual),Information Technology
Sorare,Rudy Gobert-Bourgarel,Angel (individual),Information Technology
Sorare,Zinedine Zidane,Angel (individual),Information Technology
Finfrog,Francois Collet,Venture Capital,Financial Services
Micropep,Baptiste Tellier,Venture Capital,Materials and Resources
Micropep,Denis Lucquin,Venture Capital,Materials and Resources
Micropep,Romain Sautrau,Venture Capital,Materials and Resources
Flowdesk,Léa Verdillon,Venture Capital,Information Technology
Flowdesk,Alexandre Prot,Angel (individual),Information Technology
Flowdesk,Alexis Bonillo,Angel (individual),Information Technology
Flowdesk,Alexis Bonte,Angel (individual),Information Technology
Flowdesk,Benjamin Chemla,Angel (individual),Information Technology
Flowdesk,Dan Childs,Angel (individual),Information Technology
Flowdesk,Didier Valet,Angel (individual),Information Technology
Flowdesk,Gautham Radhakrishnan,Angel (individual),Information Technology
Flowdesk,Grégoire Le Jeune,Angel (individual),Information Technology
Flowdesk,Kartik Garg,Angel (individual),Information Technology
Flowdesk,Kaushik Chakravarti,Angel (individual),Information Technology
Flowdesk,Louis Guthmann,Angel (individual),Information Technology
Flowdesk,Marc Bhargava,Angel (individual),Information Technology
Flowdesk,Mark Ransford,Angel (individual),Information Technology
Flowdesk,Meltem Demirors,Angel (individual),Information Technology
Flowdesk,Nicolas Julia,Angel (individual),Information Technology
Flowdesk,Nicolas Meiller,Angel (individual),Information Technology
Flowdesk,Pascal Gauthier,Angel (individual),Information Technology
Flowdesk,Perry Blacher,Angel (individual),Information Technology
Flowdesk,Sam Wisnia,Angel (individual),Information Technology
Flowdesk,Sebastien Borget,Angel (individual),Information Technology
Homa Games,Max Mersch,Venture Capital,Information Technology
Homa Games,Brice Delome,Venture Capital,Information Technology
Siteflow,Nader Sabbaghian,Venture Capital,Information Technology
Hunteed,Isabelle Weill,Angel (individual),Business Products and Services (B2B)
Bleen,Alexandre Yazdi,Angel (individual),Consumer Products and Services (B2C)
Bleen,Alexis Bonillo,Angel (individual),Consumer Products and Services (B2C)
Bleen,Antoine Martin,Angel (individual),Consumer Products and Services (B2C)
Bleen,Aude Colombier,Angel (individual),Consumer Products and Services (B2C)
Bleen,Bertrand Picard,Angel (individual),Consumer Products and Services (B2C)
Bleen,Jean-Philippe Darnault,Angel (individual),Consumer Products and Services (B2C)
Bleen,Martin Balas,Angel (individual),Consumer Products and Services (B2C)
Intento Design,Thibault Canton,Venture Capital,Information Technology
Mokki (Services (B2C Non-Financial)),Coco Meers,Angel (individual),Business Products and Services (B2B)
Mokki (Services (B2C Non-Financial)),Jade Francine,Angel (individual),Business Products and Services (B2B)
Mokki (Services (B2C Non-Financial)),Michael Spies,Angel (individual),Business Products and Services (B2B)
Mokki (Services (B2C Non-Financial)),Samantha Bonning,Angel (individual),Business Products and Services (B2B)
Amalia,Pierre-Antoine Dusoulier,Angel (individual),Information Technology
auum,Sarah Corne,Venture Capital,Business Products and Services (B2B)
auum,Chloé Cohen-Aknine,Venture Capital,Business Products and Services (B2B)
DCbrain,Fabio Lancellotti,Venture Capital,Information Technology
Pepette,Augustin Marmont,Angel (individual),Consumer Products and Services (B2C)
Pepette,Benjamin Perot,Angel (individual),Consumer Products and Services (B2C)
Pepette,Franck Bonfils,Angel (individual),Consumer Products and Services (B2C)
Pepette,Alexis Menard,Venture Capital,Consumer Products and Services (B2C)
Pepette,Patrick Asdaghi,Angel (individual),Consumer Products and Services (B2C)
Scintil Photonics,Vincent Deltrieu,Venture Capital,Information Technology
Scintil Photonics,Pierre-Emmanuel Struyven,Venture Capital,Information Technology
Cosmian,Xavier Lazarus,Venture Capital,Information Technology
Cosmian,Guillaume Amblard,Angel (individual),Information Technology
Formance,Don Hoang,Angel (individual),Information Technology
Formance,Pierre Youenou,Angel (individual),Information Technology
Hero (Paris),Valentine Baudouin,Angel (individual),Information Technology
EcoTree,Frédéric Caron,Venture Capital,Business Products and Services (B2B)
EcoTree,Christophe Pechoux,Angel (individual),Business Products and Services (B2B)
HappyVore,Philippe Cantet,Angel (individual),Consumer Products and Services (B2C)
Stoik,Thomas Cuvelier,Venture Capital,Information Technology
Stoik,Seema Amble,Venture Capital,Information Technology
Stoik,Henrique De Castro,Angel (individual),Information Technology
Stoik,Julian Teicke,Angel (individual),Information Technology
Selvitys,Alexander Ichai,Angel (individual),Information Technology
Iome Bio,Neena Kadaba,Venture Capital,Healthcare
JUST (Business/Productivity Software),Arthur Waller,Angel (individual),Information Technology
JUST (Business/Productivity Software),Didier Valet,Angel (individual),Information Technology
JUST (Business/Productivity Software),Edward Lando,Angel (individual),Information Technology
JUST (Business/Productivity Software),Jon Oringer,Angel (individual),Information Technology
JUST (Business/Productivity Software),Nima Golpaygani,Angel (individual),Information Technology
Comet,Gotz Gleichmann,Venture Capital,Business Products and Services (B2B)
Comet,Pierre-Eric Leibovici,Venture Capital,Business Products and Services (B2B)
ImCheck Therapeutics,Florent Gros,Venture Capital,Healthcare
ImCheck Therapeutics,Remi Droller,Venture Capital,Healthcare
ImCheck Therapeutics,Regina Hodits,Venture Capital,Healthcare
Metafore,Michaël Benabou,Angel (individual),Business Products and Services (B2B)
Ludocare,Catherine Boule,Venture Capital,Healthcare
CastorDoc,Florian Douetteau,Angel (individual),Information Technology
Coinhouse,Alain Rodermann,Venture Capital,Financial Services
Coinhouse,Nicolas Priem,Venture Capital,Financial Services
Coinhouse,Frank Desvignes,Venture Capital,Financial Services
Coinhouse,Alexis du Peloux,Venture Capital,Financial Services
Moon Surgical,Alan Au,Venture Capital,Healthcare
Moon Surgical,Richard Leparmentier,Angel (individual),Healthcare
Moon Surgical,Sacha Loiseau,Angel (individual),Healthcare
Moon Surgical,Yann Fleureau,Angel (individual),Healthcare
nfinite,Dafina Toncheva,Venture Capital,Information Technology
Pimster,Axel Manoukian,Angel (individual),Information Technology
Pimster,Frédéric Montagnon,Angel (individual),Information Technology
Pimster,Stéphane Levy,Angel (individual),Information Technology
Pimster,Thibaud Elziere,Angel (individual),Information Technology
Diabeloop,Celia Hart,Venture Capital,Healthcare
Fabriq (Business/Productivity Software),Christophe Chausson,Angel (individual),Information Technology
Fabriq (Business/Productivity Software),Gabriel Caillaux,Angel (individual),Information Technology
Fabriq (Business/Productivity Software),Henri de Castries,Angel (individual),Information Technology
Fabriq (Business/Productivity Software),Matthieu Vaxelaire,Angel (individual),Information Technology
Fabriq (Business/Productivity Software),Renan Devillieres,Venture Capital,Information Technology
Fabriq (Business/Productivity Software),Patrick Asdaghi,Angel (individual),Information Technology
Fabriq (Business/Productivity Software),Romain Raffard,Angel (individual),Information Technology
Fabriq (Business/Productivity Software),Thibaud Elziere,Angel (individual),Information Technology
Greenly,Matthias Dill,Venture Capital,Information Technology
Greenly,Jean-Baptiste Rudelle,Angel (individual),Information Technology
Ermium Therapeutics,Suat Tops,Venture Capital,Healthcare
Ermium Therapeutics,Aidan King,Venture Capital,Healthcare
Ermium Therapeutics,Thierry Laugel,Venture Capital,Healthcare
Maxesport,Alexandre Bonetti,Angel (individual),Consumer Products and Services (B2C)
Maxesport,Baptiste Hamel,Angel (individual),Consumer Products and Services (B2C)
Maxesport,Dan Madesclaire,Angel (individual),Consumer Products and Services (B2C)
Maxesport,Emmanuel Bour,Angel (individual),Consumer Products and Services (B2C)
Maxesport,Jean Roquette,Angel (individual),Consumer Products and Services (B2C)
Maxesport,Jeremie Bordier,Angel (individual),Consumer Products and Services (B2C)
Maxesport,Mark Petetin,Angel (individual),Consumer Products and Services (B2C)
Maxesport,Matthieu Peche,Angel (individual),Consumer Products and Services (B2C)
Maxesport,Thierry Debarnot,Angel (individual),Consumer Products and Services (B2C)
Maxesport,Vincent Macé,Angel (individual),Consumer Products and Services (B2C)
Moona,Cyril Ebersweiler,Venture Capital,Consumer Products and Services (B2C)
Mobee Travel,Bruno Couly,Angel (individual),Consumer Products and Services (B2C)
Mobee Travel,Georges Sans,Angel (individual),Consumer Products and Services (B2C)
X'ProChem,Guillaume Bruniaux,Venture Capital,Healthcare
Kiln (Paris),Alexandre Lemarchand,Angel (individual),Information Technology
Kiln (Paris),Arnaud de Bermingham,Angel (individual),Information Technology
Kiln (Paris),Arthur Falls,Angel (individual),Information Technology
Kiln (Paris),Arthur Madrid,Angel (individual),Information Technology
Kiln (Paris),Beth Turner,Angel (individual),Information Technology
Kiln (Paris),Ciarán O'Leary,Angel (individual),Information Technology
Kiln (Paris),Frédéric Montagnon,Angel (individual),Information Technology
Kiln (Paris),Jenna Zenk,Angel (individual),Information Technology
Kiln (Paris),Jordane Giuly,Angel (individual),Information Technology
Kiln (Paris),Alexis Robert,Venture Capital,Information Technology
Kiln (Paris),Manfred Touron,Angel (individual),Information Technology
Kiln (Paris),Nicolas Debock,Angel (individual),Information Technology
Kiln (Paris),Nicolas Marchais,Angel (individual),Information Technology
Kiln (Paris),Philippe Honigman,Angel (individual),Information Technology
Kiln (Paris),Reda Berrehili,Angel (individual),Information Technology
Kiln (Paris),Sebastien Borget,Angel (individual),Information Technology
Kiln (Paris),Sebastien Couture,Angel (individual),Information Technology
Kiln (Paris),Shana Fisher,Angel (individual),Information Technology
Kiln (Paris),Thibaud Elziere,Angel (individual),Information Technology
Kiln (Paris),Yann Lechelle,Angel (individual),Information Technology
Ellipse (Media and Information Services),Tilo Bonow,Venture Capital,Business Products and Services (B2B)
Advae,Jean-Marc Bally,Venture Capital,Information Technology
Advae,Romain Vidal,Venture Capital,Information Technology
Advae,Philippe Hayat,Venture Capital,Information Technology
Sylfen,Marine Glon,Venture Capital,Energy
Therapixel,François Santi,Venture Capital,Healthcare
Therapixel,Jerome Feraud,Venture Capital,Healthcare
Domain Therapeutics,Roberto Ponti,Venture Capital,Healthcare
Domain Therapeutics,Laurence Rulleau,Venture Capital,Healthcare
Domain Therapeutics,James Huang,Venture Capital,Healthcare
Domain Therapeutics,Emmanuel Fiessinger,Venture Capital,Healthcare
Germitec,Jean-François Rivassou,Venture Capital,Healthcare
Sencrop,Alexandre Dahan,Venture Capital,Business Products and Services (B2B)
StromaCare,Isabelle Bou Antoun,Venture Capital,Healthcare
Zozio,Steven Lambert,Venture Capital,Information Technology
Zozio,Thibaud Le Séguillon,Venture Capital,Information Technology
Zozio,Nicolas Biet,Venture Capital,Information Technology
Alan,Jan Hammer,Venture Capital,Financial Services
Axomove,François-Xavier Fanard,Venture Capital,Healthcare
EasyPicky,Frederic Halley,Angel (individual),Information Technology
Maskott,Jérôme Pascal,Angel (individual),Information Technology
Zama,Herbert Mangesius,Venture Capital,Information Technology
Archeon Medical,Charles-Antoine Morand,Venture Capital,Healthcare
Archeon Medical,Pauline de Breteuil,Venture Capital,Healthcare
DataGalaxy,Baris Aksoy,Venture Capital,Information Technology
Kaiko,Bartosz Jakubowski,Venture Capital,Information Technology
Kaiko,Pawel Chudzinski,Venture Capital,Information Technology
Kaiko,Richard Dulude,Venture Capital,Information Technology
Kosmik,Paolo Rubatto,Venture Capital,Information Technology
Morpho,Frédéric Montagnon,Angel (individual),Information Technology
Morpho,Jin Kang,Angel (individual),Information Technology
Morpho,Nicolas Bacca,Angel (individual),Information Technology
Morpho,Spencer Noon,Venture Capital,Information Technology
QiOVA,Pierre-Antoine Cognard,Venture Capital,Business Products and Services (B2B)
Helios (Paris),Eric Gossart,Venture Capital,Information Technology
Implicity,Tanguy Besson,Venture Capital,Healthcare
Implicity,Baudouin Hue,Venture Capital,Healthcare
Implicity,Guillaume Meulle,Venture Capital,Healthcare
Sayna,Zachariah George,Venture Capital,Consumer Products and Services (B2C)
Arianee,Bruno Berhulst,Angel (individual),Information Technology
Arianee,Clement Buyse,Angel (individual),Information Technology
Arianee,Delphine Vitry,Angel (individual),Information Technology
Arianee,Jean Canzoneri,Angel (individual),Information Technology
Arianee,Jonathan Benhamou,Angel (individual),Information Technology
Arianee,Jonathan Cherki,Angel (individual),Information Technology
Arianee,Nicolas Moura,Angel (individual),Information Technology
Arianee,Pierre Denis,Angel (individual),Information Technology
Arianee,Roxxane Varza,Angel (individual),Information Technology
Arianee,Sandrine Rousseau,Angel (individual),Information Technology
Arianee,Sebastien Lalevee,Angel (individual),Information Technology
Arianee,Thibaud Elziere,Angel (individual),Information Technology
Arianee,Thibaud Remacle,Angel (individual),Information Technology
Arianee,Thomas Pasquet,Angel (individual),Information Technology
Arianee,Griffin Schroeder,Venture Capital,Information Technology
Destree,Amy Griffin,Angel (individual),Consumer Products and Services (B2C)
Destree,Beyonce Knowles-Carter,Angel (individual),Consumer Products and Services (B2C)
Destree,Carmen Busquets,Angel (individual),Consumer Products and Services (B2C)
Destree,Emily Weiss,Angel (individual),Consumer Products and Services (B2C)
Destree,Gabriela Hearst,Angel (individual),Consumer Products and Services (B2C)
Destree,Gisele Bündchen,Angel (individual),Consumer Products and Services (B2C)
Destree,Angelica Cheung,Venture Capital,Consumer Products and Services (B2C)
Destree,Jessica Warren,Angel (individual),Consumer Products and Services (B2C)
Destree,Reese Witherspoon,Angel (individual),Consumer Products and Services (B2C)
Destree,Robyn Fenty,Angel (individual),Consumer Products and Services (B2C)
Jolimoi,Nathalie Balla,Angel (individual),Consumer Products and Services (B2C)
Jolimoi,Pauline Duval,Angel (individual),Consumer Products and Services (B2C)
Jolimoi,Thierry Petit,Angel (individual),Consumer Products and Services (B2C)
Kardinal,Sarah Benhamou,Venture Capital,Information Technology
Kardinal,Sébastien Le Roy,Venture Capital,Information Technology
French Bloom,Florian Dubreuil,Angel (individual),Consumer Products and Services (B2C)
French Bloom,Frederic Biousse,Angel (individual),Consumer Products and Services (B2C)
French Bloom,Jean Moueix,Angel (individual),Consumer Products and Services (B2C)
French Bloom,Marguerite Dassault,Angel (individual),Consumer Products and Services (B2C)
Studiomatic,Olivier de Trogoff,Angel (individual),Consumer Products and Services (B2C)
Studiomatic,Olivier Bronner,Venture Capital,Consumer Products and Services (B2C)
Day One (Education and Training Services),Alexis Menard,Venture Capital,Business Products and Services (B2B)
Mansio,Alexandre Prot,Angel (individual),Consumer Products and Services (B2C)
Mansio,Bertrand Diard,Angel (individual),Consumer Products and Services (B2C)
Mansio,Marc Menasé,Venture Capital,Consumer Products and Services (B2C)
Mansio,Marie Brayer,Angel (individual),Consumer Products and Services (B2C)
Mansio,Thomas Rebaud,Angel (individual),Consumer Products and Services (B2C)
Remedee Labs,Frederic Barroux,Venture Capital,Healthcare
Beanstock,Thomas Nivard,Venture Capital,Consumer Products and Services (B2C)
Beanstock,Alister Moreno,Angel (individual),Consumer Products and Services (B2C)
Beanstock,Arkadi Jampolski,Angel (individual),Consumer Products and Services (B2C)
Beanstock,Aviad Eyal,Angel (individual),Consumer Products and Services (B2C)
Beanstock,Giorgio Tinacci,Angel (individual),Consumer Products and Services (B2C)
Beanstock,Jan Hase,Angel (individual),Consumer Products and Services (B2C)
Beanstock,Pablo Fernandez,Angel (individual),Consumer Products and Services (B2C)
Beanstock,Raphaël Di Meglio,Angel (individual),Consumer Products and Services (B2C)
Beanstock,Victor Lugger,Angel (individual),Consumer Products and Services (B2C)
Beanstock,Vincent Huguet,Angel (individual),Consumer Products and Services (B2C)
Eldo (Media and Information Services),Patrice Hutin,Venture Capital,Business Products and Services (B2B)
Trusk,Balthazar de Lavergne,Angel (individual),Consumer Products and Services (B2C)
Trusk,Oussama Ammar,Angel (individual),Consumer Products and Services (B2C)
Captain Data,Amaury Sepulchre,Angel (individual),Information Technology
Captain Data,Arnaud Monnier,Angel (individual),Information Technology
Captain Data,Benjamin Blasco,Angel (individual),Information Technology
Captain Data,Jürgen Wolff,Angel (individual),Information Technology
Captain Data,Thibaud Elziere,Angel (individual),Information Technology
May.,Léa Zaslavsky,Venture Capital,Consumer Products and Services (B2C)
Skillup,Antoine Freysz,Venture Capital,Information Technology
Hugging Face,Lee Fixel,Venture Capital,Information Technology
Hugging Face,Damien Gosset,Angel (individual),Information Technology
Hugging Face,Edouard Rosenblum,Angel (individual),Information Technology
Hugging Face,Kevin Durant,Angel (individual),Information Technology
Hugging Face,Brandon Reeves,Venture Capital,Information Technology
Hugging Face,Matthieu Vaxelaire,Angel (individual),Information Technology
Hugging Face,Nicolas Steegmann,Angel (individual),Information Technology
Hugging Face,Olivier Pomel,Angel (individual),Information Technology
Hugging Face,Rich Kleiman,Angel (individual),Information Technology
Hugging Face,Ronny Conway,Angel (individual),Information Technology
Hugging Face,Patrick Grady,Venture Capital,Information Technology
Hugging Face,Thibaud Elziere,Angel (individual),Information Technology
LimFlow,Jocelyn Kum,Venture Capital,Healthcare
LimFlow,Maxwell Bikoff,Venture Capital,Healthcare
Sweep (Environmental Services),Bernard Liautaud,Venture Capital,Information Technology
Sweep (Environmental Services),Xavier Niel,Venture Capital,Information Technology
Moka.care,Antoine Dupont,Angel (individual),Healthcare
Moka.care,Antoine Griezmann,Angel (individual),Healthcare
Moka.care,Jason Fiedler,Venture Capital,Healthcare
Beamy,Léa Verdillon,Venture Capital,Information Technology
Beamy,Erwan Keraudy,Angel (individual),Information Technology
Beamy,Jean-David Chamboredon,Venture Capital,Information Technology
Beamy,Nicolas Hernandez,Angel (individual),Information Technology
SENSE in,Alexandre Boulay,Venture Capital,Information Technology
Deepki,Jean Tardy-Joubert,Venture Capital,Information Technology
Core Biogenesis,Friederike Grosse-Holz,Venture Capital,Healthcare
Core Biogenesis,James Dacombe,Angel (individual),Healthcare
Core Biogenesis,Alexis du Peloux,Venture Capital,Healthcare
Fairbrics,Kevin Eggers,Venture Capital,Materials and Resources
FeetMe,Cyril Ebersweiler,Venture Capital,Healthcare
Polaris (Biotechnology),Isabelle de Cremoux,Venture Capital,Healthcare
Quidli,Shawn Broderick,Venture Capital,Financial Services
Cross The Ages,Sebastien Borget,Angel (individual),Information Technology
Each One,Pierre Dubuc,Angel (individual),Business Products and Services (B2B)
Each One,Thierry Petit,Angel (individual),Business Products and Services (B2B)
Invivox,Marie Geneste,Venture Capital,Information Technology
Invivox,Thierry Vandewalle,Venture Capital,Information Technology
Kwik (Logistics),Leonard Stiegeler,Angel (individual),Business Products and Services (B2B)
Kwik (Logistics),Yves Guillemot,Angel (individual),Business Products and Services (B2B)
Neobrain,Cyrus Contant,Venture Capital,Information Technology
SCOP3,Frédéric Salles,Venture Capital,Business Products and Services (B2B)
Vendredi,Thierry Petit,Angel (individual),Business Products and Services (B2B)
Bigblue,Dmitry Chikhachev,Venture Capital,Information Technology
Gama,Edouard Nattée,Angel (individual),Business Products and Services (B2B)
Gama,Marie Outtier,Angel (individual),Business Products and Services (B2B)
Kayrros,Jacobo Abitbol,Venture Capital,Information Technology
Kayrros,Harold Primat,Angel (individual),Information Technology
Napta,Antoine Freysz,Venture Capital,Information Technology
Pubstack,Alexis Menard,Venture Capital,Information Technology
Pubstack,Hervé Brunet,Angel (individual),Information Technology
Pubstack,Jean-David Chamboredon,Venture Capital,Information Technology
Pubstack,Jean Canzoneri,Angel (individual),Information Technology
The Big Whale,Ardeschir Dabaghchian,Angel (individual),Business Products and Services (B2B)
The Big Whale,Marc Menasé,Venture Capital,Business Products and Services (B2B)
The Big Whale,Frédéric Montagnon,Angel (individual),Business Products and Services (B2B)
The Big Whale,Gonzague Grandval,Angel (individual),Business Products and Services (B2B)
The Big Whale,Jean Michel Pailhon,Angel (individual),Business Products and Services (B2B)
The Big Whale,Jean-Christophe Liaubet,Angel (individual),Business Products and Services (B2B)
The Big Whale,Nicolas Chéron,Angel (individual),Business Products and Services (B2B)
The Big Whale,Olivier Jaillon,Angel (individual),Business Products and Services (B2B)
The Big Whale,Quentin de Beauchesne,Angel (individual),Business Products and Services (B2B)
The Big Whale,Reda Berrehili,Angel (individual),Business Products and Services (B2B)
Uptime (Electronic Equipment and Instruments),Xavier Lorphelin,Venture Capital,Information Technology
SnackThis,Jerome Joaug,Angel (individual),Information Technology
SpaceFill,Maxime Paradis,Angel (individual),Information Technology
Akeneo,Reza Malekzadeh,Venture Capital,Information Technology
Motto (Automotive),Maxime de Varine-Bohan,Venture Capital,Consumer Products and Services (B2C)
+Simple,Stefan Klestil,Venture Capital,Financial Services
Flowlity,Alexander Meyer,Venture Capital,Information Technology
Veesion,Antoine Loison,Venture Capital,Information Technology
Alice & Bob,Sofia Dahoune,Venture Capital,Information Technology
Bodyguard,Adrien Montfort,Angel (individual),Information Technology
Bodyguard,Djamel Agaoua,Angel (individual),Information Technology
Bodyguard,Bernardus Verwaayen,Venture Capital,Information Technology
Bodyguard,Rudy Gobert-Bourgarel,Angel (individual),Information Technology
Bodyguard,Simon Pascual,Angel (individual),Information Technology
Bodyguard,Chloé Cohen-Aknine,Venture Capital,Information Technology
Tenacy,Thierry Rouquet,Venture Capital,Information Technology
Tenacy,Gwenaël Hamon,Venture Capital,Information Technology
Rollee,Kieran Hill,Venture Capital,Information Technology
Reveal (Business/Productivity Software),Michael Chalfen,Venture Capital,Information Technology
Reveal (Business/Productivity Software),Audrey Soussan,Venture Capital,Information Technology
Convelio,Marieke Christmann,Venture Capital,Business Products and Services (B2B)
Convelio,David Sainteff,Venture Capital,Business Products and Services (B2B)
Convelio,Javier Santiso,Venture Capital,Business Products and Services (B2B)
Re:Chemistry,Guillaume Baxter,Venture Capital,Materials and Resources
Synapse Medicine,Fleur Pellerin,Venture Capital,Healthcare
Synapse Medicine,Guillaume Meulle,Venture Capital,Healthcare
Off-Works,Hadrien de La Tour,Venture Capital,Business Products and Services (B2B)
PopChef,Philippe Salle,Angel (individual),Consumer Products and Services (B2C)
Kyotherm,Arnaud Delattre,Venture Capital,Financial Services
Ullo Labs,Daniel Pilaud,Venture Capital,Healthcare
Abyss Ingredients,Clémentine Breysse,Venture Capital,Healthcare
Finary,Alexandre Prot,Angel (individual),Information Technology
Finary,Eric Demuth,Angel (individual),Information Technology
Finary,Steve Anavi,Angel (individual),Information Technology
Seyna,Armelle de Tinguy,Venture Capital,Information Technology
Seyna,Hugues de Braucourt,Venture Capital,Information Technology
Seyna,Matthieu Lattes,Venture Capital,Information Technology
Tracktor,François Robinet,Venture Capital,Information Technology
Tracktor,Antoine Freysz,Venture Capital,Information Technology
Tracktor,Pascal Casanova,Angel (individual),Information Technology
Tracktor,Pierre Kosciusko Morizet,Angel (individual),Information Technology
Tracktor,Xavier Niel,Angel (individual),Information Technology
Scibids Technology,Umberto Bottesini,Venture Capital,Information Technology
Artpoint,Vincent Daffourd,Venture Capital,Business Products and Services (B2B)
InterCloud,Guillaume Dupont,Venture Capital,Information Technology
InterCloud,Jean Bourcereau,Venture Capital,Information Technology
PlayPlay,Robert Moffat,Venture Capital,Information Technology
Zefir,George Robson,Venture Capital,Consumer Products and Services (B2C)
Axeptio,Jean-Patrice Anciaux,Venture Capital,Information Technology
Axeptio,Arnaud Laurent,Venture Capital,Information Technology
Axeptio,Ulysse Laroche,Angel (individual),Information Technology
RollingFunds,Bernard Roques,Venture Capital,Information Technology
Starton,Charlie Boles,Venture Capital,Information Technology
Silvr,Alexandre Prot,Angel (individual),Financial Services
Silvr,Louis Chatriot,Angel (individual),Financial Services
Silvr,Pierre Dutaret,Angel (individual),Financial Services
Silvr,Raphaël Vullierme,Angel (individual),Financial Services
Silvr,Steve Anavi,Angel (individual),Financial Services
Weglot,Bruno Crémel,Venture Capital,Information Technology
Bolk,Anthony Bourbon,Angel (individual),Consumer Products and Services (B2C)
Bolk,Rand Hindi,Angel (individual),Consumer Products and Services (B2C)
Elicit Plant,Michael Brandkamp,Venture Capital,Materials and Resources
Elicit Plant,Michael Krel,Venture Capital,Materials and Resources
Firecell,Antoine Rivet,Angel (individual),Information Technology
Firecell,Antoine Roland,Angel (individual),Information Technology
Firecell,Anurag Thonivalappil Asokan,Angel (individual),Information Technology
Firecell,Cécile Roland,Angel (individual),Information Technology
Firecell,Damien Roland,Angel (individual),Information Technology
Firecell,Florian Kaltenberger,Angel (individual),Information Technology
Firecell,Franck Ganizate,Angel (individual),Information Technology
Firecell,Said Achache,Angel (individual),Information Technology
Firecell,Véronique Poudou,Angel (individual),Information Technology
Lhyfe,Bruno Jossec,Venture Capital,Energy
Combo,Jean Tardy-Joubert,Venture Capital,Information Technology
DAMAE Medical,Philippe Peltier,Venture Capital,Healthcare
nfinite,Dafina Toncheva,Venture Capital,Information Technology
Mipise,Cedric Delorme,Angel (individual),Information Technology
Climb (Financial Software),Alexandre Prot,Angel (individual),Information Technology
Climb (Financial Software),Celine Lazorthes,Angel (individual),Information Technology
Climb (Financial Software),Frank Zorn,Angel (individual),Information Technology
Climb (Financial Software),Steve Anavi,Angel (individual),Information Technology
Climb (Financial Software),Thibaud Elziere,Angel (individual),Information Technology
Luko,Brent Hoberman,Angel (individual),Financial Services
Luko,Ilkka Paananen,Angel (individual),Financial Services
Mediarithmics,Claire Houry,Venture Capital,Business Products and Services (B2B)
SafeHeal,Antoine Papiernik,Venture Capital,Healthcare
Descartes Underwriting,Stanislas Laurent,Venture Capital,Financial Services
Descartes Underwriting,Javier Santiso,Venture Capital,Financial Services
Descartes Underwriting,Xavier Lorphelin,Venture Capital,Financial Services
Pennylane,David Sainteff,Venture Capital,Information Technology
Pennylane,Luciana Lixandru,Venture Capital,Information Technology
Cintoo,Frederic van den Weghe,Venture Capital,Information Technology
Cintoo,Pedro Santos,Venture Capital,Information Technology
GetResto,Alain Bailly,Venture Capital,Consumer Products and Services (B2C)
Indeez,Andreas Neuber,Angel (individual),Financial Services
Indeez,Christof Kutscher,Angel (individual),Financial Services
Indeez,Christopher Varelas,Angel (individual),Financial Services
Indeez,Curtis Scott,Angel (individual),Financial Services
Indeez,Armelle de Tinguy,Venture Capital,Financial Services
Indeez,Frederic Tardy,Angel (individual),Financial Services
Indeez,Julien Codorniou,Angel (individual),Financial Services
Indeez,Toby Coppel,Venture Capital,Financial Services
Indeez,Oleg Tscheltzoff,Angel (individual),Financial Services
Stonly,Andrey Kushing,Angel (individual),Information Technology
Stonly,Emmanuel Schalit,Angel (individual),Information Technology
Stonly,Nicolas Dessaigne,Angel (individual),Information Technology
Stonly,Michiel Kotting,Venture Capital,Information Technology
Stonly,Roman Schumacher,Angel (individual),Information Technology
Pretto,Pierre Kosciusko Morizet,Venture Capital,Information Technology
Pretto,Sébastien Le Roy,Venture Capital,Information Technology
Resilience (Clinics/Outpatient Services),Jacobo Abitbol,Venture Capital,Healthcare
Yogosha,Stéphanie Hospital,Venture Capital,Information Technology
SeqOne,Marc Rougier,Venture Capital,Healthcare
Robeauté,Diana Rottger,Venture Capital,Healthcare
aleph.im,Chris McCann,Angel (individual),Information Technology
aleph.im,Owen Simonin,Angel (individual),Information Technology
aleph.im,Rennick Palley,Venture Capital,Information Technology
Secure-IC,Bertrand Distinguin,Venture Capital,Information Technology
Wisear,Jerome Joaug,Angel (individual),Information Technology
SWAP (Food Products),Jeanne Cluset,Venture Capital,Consumer Products and Services (B2C)
Coinhouse,Eric Larchevêque,Angel (individual),Financial Services
Coinhouse,Alain Rodermann,Venture Capital,Financial Services
Coinhouse,Frank Desvignes,Venture Capital,Financial Services
Coinhouse,Alexis du Peloux,Venture Capital,Financial Services
Spendesk,Christophe Maurissen,Angel (individual),Information Technology
Unkle,Lluis Viñas,Venture Capital,Consumer Products and Services (B2C)
Anka (Internet Retail),Joseph Tsai,Angel (individual),Consumer Products and Services (B2C)
Anka (Internet Retail),Benoit Delestre,Venture Capital,Consumer Products and Services (B2C)
Stoik,Thomas Cuvelier,Venture Capital,Information Technology
Stoik,Anne-Sybille Pradelles,Angel (individual),Information Technology
Stoik,Bénédicte De Raphélis Soissan,Angel (individual),Information Technology
Stoik,Emmanuel Schalit,Angel (individual),Information Technology
Stoik,Gérald Loobuyck,Angel (individual),Information Technology
Stoik,Henry Kravis,Angel (individual),Information Technology
Stoik,Jean De La Rochebrochard,Venture Capital,Information Technology
Stoik,Raphaël Vullierme,Angel (individual),Information Technology
Qonto,Deepak Ravichandran,Venture Capital,Information Technology
Qonto,Ashley Flucas,Angel (individual),Information Technology
Qonto,Barbod Namini,Venture Capital,Information Technology
Qonto,John Doran,Venture Capital,Information Technology
Ankorstore,Merritt Hummer,Venture Capital,Business Products and Services (B2B)
Ankorstore,Mood Rowghani,Venture Capital,Business Products and Services (B2B)
Ankorstore,David Sainteff,Venture Capital,Business Products and Services (B2B)
Ankorstore,Martin Mignot,Venture Capital,Business Products and Services (B2B)
Shotgun,Bruno Alazard,Angel (individual),Consumer Products and Services (B2C)
Shotgun,Gui Perrier,Angel (individual),Consumer Products and Services (B2C)
Shotgun,Olivier Vialle,Angel (individual),Consumer Products and Services (B2C)
Shotgun,Samuel Rohaut,Angel (individual),Consumer Products and Services (B2C)
Shotgun,Yan Georget,Angel (individual),Consumer Products and Services (B2C)
La Vie,Eric Melloul,Angel (individual),Consumer Products and Services (B2C)
La Vie,Frédéric Mazzella,Angel (individual),Consumer Products and Services (B2C)
La Vie,Natalie Portman,Angel (individual),Consumer Products and Services (B2C)
La Vie,Thibauld de Larauze,Angel (individual),Consumer Products and Services (B2C)
La Vie,Thomas Plantega,Angel (individual),Consumer Products and Services (B2C)
PayFit,Philippe Botteri,Venture Capital,Information Technology
DNA Script,Eli Casdin,Venture Capital,Healthcare
DNA Script,Joachim Rothe,Venture Capital,Healthcare
DNA Script,Nicholas Naclerio,Venture Capital,Healthcare
DNA Script,Philippe Peltier,Venture Capital,Healthcare
Arkania,Bertrand Jacquelot,Angel (individual),Information Technology
Dolly,Augustin Sayer,Venture Capital,Information Technology
Krippit,Gianluca Guerra,Angel (individual),Consumer Products and Services (B2C)
Rage Trade,Adam Patel,Angel (individual),Financial Services
Rage Trade,Daniel Pomp,Angel (individual),Financial Services
Rage Trade,DCFGod DCFGod,Angel (individual),Financial Services
Rage Trade,Eden Au,Angel (individual),Financial Services
Rage Trade,Evan Schlessinger,Angel (individual),Financial Services
Rage Trade,Grug Capital,Angel (individual),Financial Services
Rage Trade,Jai Bhavani,Angel (individual),Financial Services
Rage Trade,Mewny Mewny,Angel (individual),Financial Services
Rage Trade,Nick Chong,Angel (individual),Financial Services
Rage Trade,Sha Hafizi,Angel (individual),Financial Services
Rage Trade,Steven Doge,Angel (individual),Financial Services
Rage Trade,Tuba Terekli,Angel (individual),Financial Services
Rage Trade,Will Price,Angel (individual),Financial Services
Vertical,Renan Devillieres,Venture Capital,Information Technology
Yumon,Blaise Matuidi,Venture Capital,Information Technology
On the Wild Side,Marc Beffort,Angel (individual),Consumer Products and Services (B2C)
PlanetWatch,David Garcia,Venture Capital,Information Technology
Edumiam,Matthieu Rabeisen,Venture Capital,Information Technology
Fineheart,Maria Berkman,Venture Capital,Healthcare
Fineheart,Etienne Flesch,Venture Capital,Healthcare
Milvue,Guy Frija,Angel (individual),Healthcare
Sweep (Environmental Services),Bernard Liautaud,Venture Capital,Information Technology
Aurora Cold Plasma Sterilisation,Bruno Guicheux,Venture Capital,Healthcare
Aurora Cold Plasma Sterilisation,Anthony Arsac,Venture Capital,Healthcare
Aurora Cold Plasma Sterilisation,Pascal Voulton,Angel (individual),Healthcare
Shares,Peter Thiel,Venture Capital,Information Technology
Les Cachotières,Ivan Petrovic,Angel (individual),Consumer Products and Services (B2C)
GitGuardian,Suranga Chandratillake,Venture Capital,Information Technology
GitGuardian,Gabriel Matuschka,Venture Capital,Information Technology
GitGuardian,Andreas Weiskam,Venture Capital,Information Technology
HypnoVR,Guillaume Richard,Angel (individual),Healthcare
Myre,Jean Peyrelevade,Angel (individual),Information Technology
PDC*line Pharma,Sangwoo Lee,Venture Capital,Healthcare
PDC*line Pharma,Amel Tounsi,Venture Capital,Healthcare
Baloon Africa,Gaëlle Olivier,Angel (individual),Financial Services
Baloon Africa,Nelly Brossard,Angel (individual),Financial Services
Baloon Africa,Mikael Hajjar,Venture Capital,Financial Services
Baloon Africa,Pierre-Olivier Desaulle,Angel (individual),Financial Services
Firecell,Alexis Prévot,Angel (individual),Information Technology
Firecell,Arnaud Ladrière,Angel (individual),Information Technology
Firecell,Bruno Bouygues,Angel (individual),Information Technology
Firecell,Christophe Puget,Angel (individual),Information Technology
Firecell,Gabriel Dabi Schwebel,Angel (individual),Information Technology
Firecell,Isabelle Bonnet,Angel (individual),Information Technology
Firecell,Laurence Bernard,Angel (individual),Information Technology
Firecell,Laurence Delpy,Angel (individual),Information Technology
Firecell,Martin Planès,Angel (individual),Information Technology
Firecell,Nil Brion,Angel (individual),Information Technology
Firecell,Jérôme Proust,Venture Capital,Information Technology
Firecell,Xavier Perret,Angel (individual),Information Technology
Surgiverse,David Ryan,Angel (individual),Healthcare
Surgiverse,Olivier Richart,Angel (individual),Healthcare
Coave Therapeutics,Philippe Monteyne,Venture Capital,Healthcare
Coave Therapeutics,Leila Nicolas,Venture Capital,Healthcare
Coave Therapeutics,Thierry Laugel,Venture Capital,Healthcare
Coave Therapeutics,Bruno Montanari,Venture Capital,Healthcare
Coave Therapeutics,François Lontrade,Venture Capital,Healthcare
Coave Therapeutics,Willem Broekaert,Venture Capital,Healthcare
Depixus,Mark Chin,Venture Capital,Information Technology
Kinvent,Raphael Varane,Angel (individual),Healthcare
May Health,Antoine Papiernik,Venture Capital,Healthcare
Albums,Stéphanie Hospital,Venture Capital,Information Technology
Fonts Ninja,Jeremy Yap,Angel (individual),Information Technology
Lum Network,Djamel Agaoua,Angel (individual),Information Technology
Lum Network,Owen Simonin,Angel (individual),Information Technology
Shopopop,Jérôme Guéret,Venture Capital,Business Products and Services (B2B)
Shopopop,Pierre Voillet,Angel (individual),Business Products and Services (B2B)
Osol,Charles-Antoine Beyney,Angel (individual),Business Products and Services (B2B)
Osol,Christophe Courtin,Angel (individual),Business Products and Services (B2B)
Osol,Frédéric Metge,Angel (individual),Business Products and Services (B2B)
Aktio,Charles-Henry Choel,Venture Capital,Information Technology
Gynov,Rodolphe Besserve,Venture Capital,Healthcare
be my media,Olivier Althuser,Venture Capital,Consumer Products and Services (B2C)
Uavia,Jérôme Faul,Venture Capital,Information Technology
VelyVelo,David Schwarz,Angel (individual),Business Products and Services (B2B)
Leocare,Susan Lin,Venture Capital,Financial Services
MyDataModels,Hendrik Brandis,Venture Capital,Information Technology
Stilla Technologies,Philippe Peltier,Venture Capital,Healthcare
Algar,Helene Cannard,Venture Capital,Consumer Products and Services (B2C)
Algar,Frederic Utzmann,Angel (individual),Consumer Products and Services (B2C)
Algar,Raphaël Vuillerme,Angel (individual),Consumer Products and Services (B2C)
iFollow,David Hansen,Venture Capital,Information Technology
La Casa,Augustin Marmont,Angel (individual),Consumer Products and Services (B2C)
Evina,Justin Ziegler,Venture Capital,Information Technology
Wattalps,Nicklas Bergman,Venture Capital,Business Products and Services (B2B)
Pixacare,Justin Ziegler,Venture Capital,Healthcare
Million Victories,Pierre Planche,Venture Capital,Information Technology
Quandela,Frédéric Duponchel,Angel (individual),Information Technology
Quandela,Christophe Jurczak,Venture Capital,Information Technology
Pigment (Business/Productivity Software),Neil Shah,Venture Capital,Information Technology
Edusign,Franck Papazian,Angel (individual),Information Technology
Edusign,Kal Ladha,Angel (individual),Information Technology
Singulart,Audrey Soussan,Venture Capital,Consumer Products and Services (B2C)
BabySafe Solutions,Olivier Dubuisson,Venture Capital,Financial Services
PathoQuest,Jean-Pascal Beaufret,Venture Capital,Healthcare
PathoQuest,Thierry Laugel,Venture Capital,Healthcare
Sportihome,Frédéric Caron,Venture Capital,Consumer Products and Services (B2C)
Sportihome,Nathalie Simon,Angel (individual),Consumer Products and Services (B2C)
365Talents,Eric Burdier,Venture Capital,Information Technology
Groover,Alexandre Cognard,Angel (individual),Business Products and Services (B2B)
Groover,Christian Jorge,Angel (individual),Business Products and Services (B2B)
Groover,Jean-Michel Texier,Angel (individual),Business Products and Services (B2B)
Groover,Sylvain Zimmer,Angel (individual),Business Products and Services (B2B)
Astran (Network Management Software),Anne-Sophie Saint-Martin,Venture Capital,Information Technology
Astran (Network Management Software),Stéphane Courbit,Angel (individual),Information Technology
DarkMatters,Eric Larchevêque,Angel (individual),Business Products and Services (B2B)
Hivebrite,Edward Filippi,Angel (individual),Information Technology
Nexialist,Pierre Joubert,Venture Capital,Business Products and Services (B2B)
Terakalis,Fabio Lancellotti,Venture Capital,Information Technology
YouStock,Frederic van den Weghe,Venture Capital,Consumer Products and Services (B2C)
YouStock,Jean-Luc Haddad,Angel (individual),Consumer Products and Services (B2C)
Morpho,Angelo Min,Angel (individual),Information Technology
Morpho,Aseem Sood,Angel (individual),Information Technology
Morpho,Benjamin Simon,Angel (individual),Information Technology
Morpho,Brianna Montgomery,Angel (individual),Information Technology
Morpho,Emiliano Bonassi,Angel (individual),Information Technology
Morpho,Fernando Martinelli,Angel (individual),Information Technology
Morpho,Hadrien Charlanes,Angel (individual),Information Technology
Morpho,Itamar Lesuisse,Angel (individual),Information Technology
Morpho,Jai Bhavnani,Angel (individual),Information Technology
Morpho,James Simpson,Angel (individual),Information Technology
Morpho,Joey Santoro,Angel (individual),Information Technology
Morpho,Julien Romanetto,Angel (individual),Information Technology
Morpho,Nathan Sexer,Angel (individual),Information Technology
Morpho,Nicholas Tong,Angel (individual),Information Technology
Morpho,Olivier Chevillon,Angel (individual),Information Technology
Morpho,Pablo Veyrat,Angel (individual),Information Technology
Morpho,Pascal Tallarida,Angel (individual),Information Technology
Morpho,Patrick Bucquet,Angel (individual),Information Technology
Morpho,Sebastien Couture,Angel (individual),Information Technology
Morpho,Thomas De Phuoc,Angel (individual),Information Technology
Morpho,Will Price,Angel (individual),Information Technology
Morpho,William Bergamo,Angel (individual),Information Technology
Satisfy,Anthony Fadell,Angel (individual),Consumer Products and Services (B2C)
Satisfy,Olivier Cantet,Angel (individual),Consumer Products and Services (B2C)
SupAirVision,Thibaud Le Séguillon,Venture Capital,Energy
Egle Therapeutics,Jacques Mizrahi,Venture Capital,Healthcare
Egle Therapeutics,Felice Weegen,Venture Capital,Healthcare
Egle Therapeutics,Philippe Monteyne,Venture Capital,Healthcare
Tip & Shaft,Mark Turner,Angel (individual),Consumer Products and Services (B2C)
Tip & Shaft,Bruno Jossec,Venture Capital,Consumer Products and Services (B2C)
Wakeo,Alexandre Mordacq,Venture Capital,Information Technology
Wakeo,Julien Quintard,Angel (individual),Information Technology
Wakeo,Pierre-François Festal,Venture Capital,Information Technology
Beem (Alternative Energy Equipment),Alexandre Mordacq,Venture Capital,Energy
Beem (Alternative Energy Equipment),David Sloo,Angel (individual),Energy
CleverConnect,Patrice Hutin,Venture Capital,Business Products and Services (B2B)
CORE for Tech,François Breniaux,Venture Capital,Information Technology
WeCanDoo,François Paulus,Venture Capital,Consumer Products and Services (B2C)
WeCanDoo,Marie-Christine Levet,Venture Capital,Consumer Products and Services (B2C)
Alsima,Pierre-Antoine Cognard,Angel (individual),Business Products and Services (B2B)
CardioParc,Bechara Wakim,Angel (individual),Healthcare
CardioParc,Jacques Mottard,Angel (individual),Healthcare
Swile,Jonathan Userovici,Venture Capital,Financial Services
Swile,Martin Mignot,Venture Capital,Financial Services
Swile,Maria Tereza Peixoto de Azevedo,Venture Capital,Financial Services
Elevo (Business/Productivity Software),Pauline Roux,Venture Capital,Information Technology
Elevo (Business/Productivity Software),Julien Codorniou,Angel (individual),Information Technology
Everide,Andrew Nutter,Angel (individual),Consumer Products and Services (B2C)
Everide,Gregory Sand,Angel (individual),Consumer Products and Services (B2C)
Everide,Jean-Fabrice Mathieu,Angel (individual),Consumer Products and Services (B2C)
Everide,Olivier Cantet,Angel (individual),Consumer Products and Services (B2C)
Everide,Patrick Giraudon,Angel (individual),Consumer Products and Services (B2C)
Everide,Paulin Dementhon,Angel (individual),Consumer Products and Services (B2C)
Mecaware,Gwenaël Hamon,Venture Capital,Business Products and Services (B2B)
Elum,Guillaume Meulle,Venture Capital,Information Technology
Aldoria,Charles Beigbeder,Angel (individual),Business Products and Services (B2B)
Ekie,Eric Mignot,Angel (individual),Consumer Products and Services (B2C)
Agronutris,Bertrand Jelensperger,Angel (individual),Business Products and Services (B2B)
ASK MONA,Denis Thebaud,Angel (individual),Business Products and Services (B2B)
ASK MONA,Philippe Ligot,Angel (individual),Business Products and Services (B2B)
Brandquad,Ilya Korolev,Venture Capital,Information Technology
Brandquad,Victor Chervyakov,Venture Capital,Information Technology
Cook-e,Jerome Joaug,Angel (individual),Information Technology
Allurion Technologies,Farah Ali,Angel (individual),Healthcare
Allurion Technologies,Jason Wallace,Angel (individual),Healthcare
Allurion Technologies,Jose Almeida,Angel (individual),Healthcare
Allurion Technologies,Laura Fingal-Surma,Angel (individual),Healthcare
Allurion Technologies,Marek Paris,Angel (individual),Healthcare
Allurion Technologies,Matthew Schwab,Angel (individual),Healthcare
Allurion Technologies,Michael Jarmuz,Angel (individual),Healthcare
Allurion Technologies,Michael Nicoletti,Angel (individual),Healthcare
Allurion Technologies,Miles Jennings,Angel (individual),Healthcare
Allurion Technologies,Neil Chheda,Angel (individual),Healthcare
Allurion Technologies,Krishna Gupta,Venture Capital,Healthcare
Allurion Technologies,Krishna Gupta,Venture Capital,Healthcare
Fairmat (Materials),Raffi Kamber,Venture Capital,Materials and Resources
Prophesee,Kai-Fu Lee,Venture Capital,Information Technology
Bene Bono,Bertrand Jelensperger,Angel (individual),Consumer Products and Services (B2C)
Bene Bono,Enrico Pandian,Angel (individual),Consumer Products and Services (B2C)
Bene Bono,Gokul Rajaram,Angel (individual),Consumer Products and Services (B2C)
Bene Bono,Greg Bulckaert,Angel (individual),Consumer Products and Services (B2C)
Bene Bono,Nathanael Berbessou,Angel (individual),Consumer Products and Services (B2C)
Bene Bono,Neeraj Berry,Angel (individual),Consumer Products and Services (B2C)
Bene Bono,Nicolas Douay,Angel (individual),Consumer Products and Services (B2C)
IPaidThat,Jean-Manuel Costa,Venture Capital,Information Technology
IPaidThat,Bernard Roques,Venture Capital,Information Technology
DataHawk,Léon Seynave,Angel (individual),Information Technology
MyTraffic,Rodolphe Menegaux,Venture Capital,Business Products and Services (B2B)
Najar,Marcin Szeląg,Venture Capital,Information Technology
Najar,Alexis Robert,Venture Capital,Information Technology
Bellman,Eric Setton,Angel (individual),Information Technology
Bellman,Nicolas Brand,Venture Capital,Information Technology
Mirakl,Laurel Bowden,Venture Capital,Information Technology
Mirakl,Scott Friend,Venture Capital,Information Technology
Mirakl,Samantha Jérusalmy,Venture Capital,Information Technology
Creads,Cedric Gourbault,Venture Capital,Business Products and Services (B2B)
Saqara,Leigh Jasper,Angel (individual),Information Technology
Sorare,Antoine Griezmann,Angel (individual),Information Technology
Sorare,César Azpilicueta,Angel (individual),Information Technology
Sorare,Gerard Piqué,Angel (individual),Information Technology
Sorare,Rio Ferdinand,Angel (individual),Information Technology
Sorare,Serena Willliams,Angel (individual),Information Technology
Stimio,Maxence Valero,Venture Capital,Information Technology
Hera (Business/Productivity Software),Alexis Bonillo,Angel (individual),Information Technology
Hera (Business/Productivity Software),Calvin French-Owen,Angel (individual),Information Technology
Hera (Business/Productivity Software),John Gabaix,Angel (individual),Information Technology
Hera (Business/Productivity Software),Karthik Puvvada,Angel (individual),Information Technology
Hera (Business/Productivity Software),Kyle Parrish,Angel (individual),Information Technology
Hera (Business/Productivity Software),Thibaud Elziere,Angel (individual),Information Technology
Amolyt Pharma,Felice Weegen,Venture Capital,Healthcare
Amolyt Pharma,Thierry Laugel,Venture Capital,Healthcare
Amolyt Pharma,Iyona Rajkomar,Venture Capital,Healthcare
Amolyt Pharma,Stefan Larson,Venture Capital,Healthcare
By Charlot,Camille Kriebitzsch,Venture Capital,Consumer Products and Services (B2C)
ReachFive,Alexandre Pelletier,Venture Capital,Information Technology
ReachFive,Evgenia Plotnikova,Venture Capital,Information Technology
ReachFive,Jean Bourcereau,Venture Capital,Information Technology
Skello,Mark Menell,Venture Capital,Information Technology
Hublo,Clément Cazalot,Angel (individual),Business Products and Services (B2B)
Hublo,Jean-Baptiste Theard,Angel (individual),Business Products and Services (B2B)
OceanWings,Philippe Renaudin,Venture Capital,Business Products and Services (B2B)
Treefrog Therapeutics,Guilhem De Vregille,Venture Capital,Healthcare
Wyca,Alexandre Ichaï,Angel (individual),Information Technology
Ada Tech School,Catherine Chiaramonti,Angel (individual),Consumer Products and Services (B2C)
Ada Tech School,Celine Lazorthes,Angel (individual),Consumer Products and Services (B2C)
Ada Tech School,Francis Nappez,Angel (individual),Consumer Products and Services (B2C)
Mooncard,Antoine Loison,Venture Capital,Information Technology
Mooncard,Jean-Marc Patouillaud,Venture Capital,Information Technology
Botify,Claire Houry,Venture Capital,Information Technology
InUse (Business/Productivity Software),Eric Cohen,Angel (individual),Information Technology
"Clone (Restaurants, Hotels and Leisure)",Oscar Salazar,Angel (individual),Consumer Products and Services (B2C)
Modjo,Léa Verdillon,Venture Capital,Information Technology
Modjo,Pierre-Yves Meerschman,Venture Capital,Information Technology
SILINA,Clemens Tepel,Angel (individual),Information Technology
SILINA,David Meyer,Angel (individual),Information Technology
SILINA,Giorgio Anania,Angel (individual),Information Technology
SILINA,Johannes Froehling,Angel (individual),Information Technology
SILINA,Matthias Tepel,Angel (individual),Information Technology
SILINA,Olivier Vaury,Angel (individual),Information Technology
SILINA,Stanislas Simon-Beaulieu,Angel (individual),Information Technology
SILINA,Lise Rechsteiner,Venture Capital,Information Technology
TISSIUM,Hongjie Hu,Venture Capital,Healthcare
TISSIUM,Antoine Papiernik,Venture Capital,Healthcare
Kairos Fire,Matthieu Berger,Venture Capital,Information Technology
Kairos Fire,François Meteyer,Venture Capital,Information Technology
Julaya,Edouard Mendy,Angel (individual),Information Technology
Julaya,Mohamed Dibi,Angel (individual),Information Technology
Julaya,Enrique Martínez-Hausmann,Venture Capital,Information Technology
Avekapeti,Jeremy Schinazi,Angel (individual),Consumer Products and Services (B2C)
Klarys,Pascal Widmer,Venture Capital,Business Products and Services (B2B)
Jus Mundi,Pascal Cagni,Venture Capital,Business Products and Services (B2B)
Simundia,François Robinet,Venture Capital,Business Products and Services (B2B)
Simundia,Marie-Christine Levet,Venture Capital,Business Products and Services (B2B)
PulseSight Therapeutics,Chahra Louafi,Venture Capital,Healthcare
PulseSight Therapeutics,Sangwoo Lee,Venture Capital,Healthcare
PulseSight Therapeutics,Ohad Hammer,Venture Capital,Healthcare
PulseSight Therapeutics,Dominik Escher,Venture Capital,Healthcare
PulseSight Therapeutics,Zafrira Avnur,Venture Capital,Healthcare
Japet,Rajat Khare,Venture Capital,Healthcare
Mindee,Alexis Le-Quoc,Angel (individual),Information Technology
Mindee,Bartosz Jakubowski,Venture Capital,Information Technology
Mindee,Nicolas Dessaigne,Angel (individual),Information Technology
Mindee,Tiffany Luck,Venture Capital,Information Technology
Mindee,Bertrand Diard,Venture Capital,Information Technology
Osivax,Flora Coppolani,Venture Capital,Healthcare
Wise-Integration,Jean-Yves Muller,Venture Capital,Information Technology
Wise-Integration,Pierre Joubert,Venture Capital,Information Technology
Wise-Integration,Damien Bretegnier,Venture Capital,Information Technology
Protera,Josko Bobanović,Venture Capital,Consumer Products and Services (B2C)
Protera,Po Bronson,Venture Capital,Consumer Products and Services (B2C)
Cryptense,Alexander Hoeptner,Venture Capital,Financial Services
GreenBig,Thibault Droinet,Venture Capital,Business Products and Services (B2B)
allcolibri,Stephane Bourbier,Venture Capital,Information Technology
Blooming,Daniel Benbassat,Angel (individual),Consumer Products and Services (B2C)
Lovys,Yacine Ghalim,Venture Capital,Financial Services
PEP-Therapy,Bernard Majoie,Angel (individual),Healthcare
PEP-Therapy,Jaromír Zahrádka,Venture Capital,Healthcare
PEP-Therapy,Philippe Tramoy,Venture Capital,Healthcare
Kili Technology,Bernard Liautaud,Venture Capital,Information Technology
Kili Technology,Chris Schagen,Angel (individual),Information Technology
Kili Technology,Dimitri Sirota,Angel (individual),Information Technology
Kili Technology,Olivier Pailhes,Angel (individual),Information Technology
Farmitoo,Claire Houry,Venture Capital,Consumer Products and Services (B2C)
Didomi,Maximilien Bacot,Venture Capital,Information Technology
Didomi,Peter Fallon,Venture Capital,Information Technology
Colizey,Cyril Guenoun,Venture Capital,Consumer Products and Services (B2C)
Colizey,Jean-François Cochy,Venture Capital,Consumer Products and Services (B2C)
Colizey,Teddy Riner,Angel (individual),Consumer Products and Services (B2C)
Micropep,Denis Lucquin,Venture Capital,Materials and Resources
Micropep,Romain Sautrau,Venture Capital,Materials and Resources
Silicon Mobility,Lou Hermans,Venture Capital,Information Technology
Wecasa,Charles-Henri Prevost,Venture Capital,Consumer Products and Services (B2C)
Wecasa,Frédéric Mazzella,Angel (individual),Consumer Products and Services (B2C)
Wecasa,Pierre Kosciusko Morizet,Angel (individual),Consumer Products and Services (B2C)
Verkor,Gregory Bernstein,Venture Capital,Business Products and Services (B2B)
PowerZ,Michaël Benabou,Angel (individual),Information Technology
PowerZ,Pierre Kosciusko Morizet,Angel (individual),Information Technology
MONI (Financial Software),Sébastien Le Roy,Venture Capital,Information Technology
Brique House,Christophe Marechal,Venture Capital,Consumer Products and Services (B2C)
Hello Syndic,Jeremy Pouyer,Venture Capital,Consumer Products and Services (B2C)
WeWeb,Emmanuel Cassimatis,Angel (individual),Information Technology
WeWeb,Xavier Prélat,Angel (individual),Information Technology
Zenchef,Samantha Jérusalmy,Venture Capital,Information Technology
Brut.,Alfred Vericel,Venture Capital,Consumer Products and Services (B2C)
Flatsy,Didier Le Menestrel,Angel (individual),Information Technology
Agilitest,Renaud Guillerm,Venture Capital,Information Technology
Cryptosense,Nicholas Kingsbury,Venture Capital,Information Technology
Cryptosense,Sarah Benhamou,Venture Capital,Information Technology
Cryptosense,Xavier Lazarus,Venture Capital,Information Technology
Edflex,Nicolas Fritz,Angel (individual),Information Technology
Igyxos Biotherapeutics,Herve Bachelot Lallier,Venture Capital,Healthcare
Igyxos Biotherapeutics,Francois Miceli,Venture Capital,Healthcare
Kaiko,Bartosz Jakubowski,Venture Capital,Information Technology
Kaiko,Richard Dulude,Venture Capital,Information Technology
Sidecare,Philippe Collombel,Venture Capital,Financial Services
Brightflow,Baudouin Hue,Venture Capital,Healthcare
900.care,Alexandre Mordacq,Venture Capital,Consumer Products and Services (B2C)
900.care,Anne Coen,Angel (individual),Consumer Products and Services (B2C)
900.care,David Nolan,Angel (individual),Consumer Products and Services (B2C)
900.care,Maxime de Varine-Bohan,Venture Capital,Consumer Products and Services (B2C)
900.care,Kevin Glynn,Angel (individual),Consumer Products and Services (B2C)
900.care,Lawrence Leuschner,Angel (individual),Consumer Products and Services (B2C)
900.care,Martin Ohannessian,Angel (individual),Consumer Products and Services (B2C)
900.care,Michael Wystrach,Angel (individual),Consumer Products and Services (B2C)
900.care,Thibault Lamarque,Angel (individual),Consumer Products and Services (B2C)
900.care,Matthieu Lattes,Venture Capital,Consumer Products and Services (B2C)
Aum Biosync,Jean-Philippe Girard,Venture Capital,Information Technology
Babbar,Bruno Guicheux,Venture Capital,Business Products and Services (B2B)
Mnemo Therapeutics,Eli Casdin,Venture Capital,Healthcare
Mnemo Therapeutics,Antoine Papiernik,Venture Capital,Healthcare
Memo Bank,Xavier Lorphelin,Venture Capital,Financial Services
Joovence,Augustin Sayer,Venture Capital,Healthcare
Omnidoc,Benjamin Belot,Venture Capital,Healthcare
Yousign,Thibaud Elziere,Angel (individual),Information Technology
C12,Octave Klaba,Angel (individual),Information Technology
IconoClass,Andrew Stone,Venture Capital,Business Products and Services (B2B)
IconoClass,Bruno Sola,Angel (individual),Business Products and Services (B2B)
IconoClass,Josef Bovet,Angel (individual),Business Products and Services (B2B)
Mediflash,Alexandre Fretti,Angel (individual),Business Products and Services (B2B)
Mediflash,Alexandre Lebrun,Angel (individual),Business Products and Services (B2B)
Mediflash,Jerome Joaug,Angel (individual),Business Products and Services (B2B)
Mediflash,Marie Outtier,Angel (individual),Business Products and Services (B2B)
Mediflash,Simon Dawlat,Angel (individual),Business Products and Services (B2B)
BeReal,Sonali De Rycker,Venture Capital,Information Technology
BeReal,Andrew Chen,Venture Capital,Information Technology
Quasar(Database Software),Blake Patton,Venture Capital,Information Technology
Webedia,Matthieu Dallon,Venture Capital,Business Products and Services (B2B)
Adionics,Marine Glon,Venture Capital,Business Products and Services (B2B)
Aplo,Alexis Bonillo,Angel (individual),Financial Services
Aplo,Siraj Khaliq,Venture Capital,Financial Services
Aplo,Mathieu Viallard,Venture Capital,Financial Services
Aplo,Charles Songhurst,Angel (individual),Financial Services
Aplo,Marc Jalabert,Angel (individual),Financial Services
Aplo,Pascal Gauthier,Angel (individual),Financial Services
Chaintrust,Eduardo Ronzano,Angel (individual),Information Technology
Chaintrust,Frédéric Montagnon,Angel (individual),Information Technology
Chaintrust,Julien Romanetto,Angel (individual),Information Technology
Chaintrust,Nicolas Steegmann,Angel (individual),Information Technology
Chaintrust,Thibaud Elziere,Angel (individual),Information Technology
Accenta,Xavier Lorphelin,Venture Capital,Business Products and Services (B2B)
DataDome,Andrew Hunt,Venture Capital,Information Technology
DataDome,Jean-David Chamboredon,Venture Capital,Information Technology
ContentSquare,Anthony Zappalà,Venture Capital,Information Technology
Epsor,Alison Imbert,Venture Capital,Financial Services
Avanseo,Augustin Sayer,Venture Capital,Financial Services
Elistair,Quentin Simon,Venture Capital,Information Technology
Hosman,Andreas Wiele,Angel (individual),Consumer Products and Services (B2C)
Hosman,Mathieu Lamrani,Venture Capital,Consumer Products and Services (B2C)
Virtuo,Benoit Fosseprez,Venture Capital,Consumer Products and Services (B2C)
Virtuo,Bernard Liautaud,Venture Capital,Consumer Products and Services (B2C)
BCV,Martin Dieck,Venture Capital,Healthcare
Back Market,Antoine Loison,Venture Capital,Consumer Products and Services (B2C)
Back Market,Pierre-Yves Meerschman,Venture Capital,Consumer Products and Services (B2C)
Ankorstore,Merritt Hummer,Venture Capital,Business Products and Services (B2B)
Ankorstore,David Sainteff,Venture Capital,Business Products and Services (B2B)
Têtu,Julien Codorniou,Angel (individual),Consumer Products and Services (B2C)
Pasqal,Christophe Jurczak,Venture Capital,Information Technology
Pasqal,Dmitry Galperin,Venture Capital,Information Technology
Ki Foundation,Alexandre Yazdi,Angel (individual),Information Technology
Ki Foundation,Cyril Paglino,Angel (individual),Information Technology
Ki Foundation,Guillaume Lestrade,Angel (individual),Information Technology
Ki Foundation,Owen Simonin,Angel (individual),Information Technology
Ki Foundation,Ron Stolero,Angel (individual),Information Technology
Ki Foundation,Tariq Krim,Angel (individual),Information Technology
Abyssale,Thibault Magnen,Venture Capital,Information Technology
Clevy,Grégoire Boutin,Angel (individual),Information Technology
Shift Technology,Sonali De Rycker,Venture Capital,Information Technology
Shift Technology,Charles Birnbaum,Venture Capital,Information Technology
Shift Technology,Adam Valkin,Venture Capital,Information Technology
Shift Technology,Javier Santiso,Venture Capital,Information Technology
Upciti,Benjamin Wainstain,Venture Capital,Information Technology
MexBrain,Sandra Dubos,Venture Capital,Healthcare
Kyanos Biotechnologies,Régis Nouaille,Angel (individual),Consumer Products and Services (B2C)
Kyanos Biotechnologies,Zsolt Popsé,Angel (individual),Consumer Products and Services (B2C)
NH TherAguix,Celia Hart,Venture Capital,Healthcare
WeLink (Business/Productivity Software),Daniel Bertholet,Venture Capital,Information Technology
WeLink (Business/Productivity Software),Stéphanie Hospital,Venture Capital,Information Technology
Zaion,Bernard Roques,Venture Capital,Information Technology
Expensya,Namek Zu'bi,Venture Capital,Information Technology
SOS Accessoire,Remy de Tonnac,Venture Capital,Consumer Products and Services (B2C)
OpenClassrooms,Jeff Jaekle,Venture Capital,Information Technology
Deepomatic,Octave Klaba,Angel (individual),Information Technology
OCUS,Othmane Zrikem,Venture Capital,Information Technology
Dessia,Robert Gallenberger,Venture Capital,Information Technology
Dessia,Herve Bachelot Lallier,Venture Capital,Information Technology
Dessia,Bruno Bernard,Venture Capital,Information Technology
Dessia,François Breniaux,Venture Capital,Information Technology
BlaBlaCar,Jonas Nordlander,Venture Capital,Consumer Products and Services (B2C)
Alan,Jan Hammer,Venture Capital,Financial Services
Nestwave,Nicolas Boulay,Venture Capital,Information Technology
Nestwave,Simon Alexandre,Venture Capital,Information Technology
Sweetch Energy,Alexandre Terrien,Venture Capital,Energy
Zefir,Alexander Chesterman,Angel (individual),Consumer Products and Services (B2C)
Zefir,Edward Lando,Angel (individual),Consumer Products and Services (B2C)
Zefir,Fred Fateh,Angel (individual),Consumer Products and Services (B2C)
Zefir,Shana Fisher,Angel (individual),Consumer Products and Services (B2C)
Zefir,Sri Batchu,Angel (individual),Consumer Products and Services (B2C)
Zefir,Fred Destin,Venture Capital,Consumer Products and Services (B2C)
Zefir,Xavier Niel,Angel (individual),Consumer Products and Services (B2C)
Zefir,Yacine Ghalim,Angel (individual),Consumer Products and Services (B2C)
Biloba,Lucanus Polagnoli,Venture Capital,Healthcare
Biloba,Didier Valet,Angel (individual),Healthcare
Biloba,Edouard Petit,Angel (individual),Healthcare
Biloba,Frank Le Ouay,Angel (individual),Healthcare
Biloba,Jean-Baptiste Ronssin,Angel (individual),Healthcare
Biloba,Julien Lemoine,Angel (individual),Healthcare
Biloba,Julien Quintard,Angel (individual),Healthcare
Biloba,Nicolas Dessaigne,Angel (individual),Healthcare
Biloba,Olivier Bronner,Angel (individual),Healthcare
Biloba,Nadav Ben-Chanoch,Venture Capital,Healthcare
Meet My Mama,Nicolas Aube,Venture Capital,Consumer Products and Services (B2C)
Smartway,Romain Sautrau,Venture Capital,Information Technology
MentorShow,Alexandre Berriche,Angel (individual),Consumer Products and Services (B2C)
MentorShow,Frédéric Mazzella,Angel (individual),Consumer Products and Services (B2C)
MentorShow,Gonzalo Manrique,Angel (individual),Consumer Products and Services (B2C)
MentorShow,Jon Oringer,Angel (individual),Consumer Products and Services (B2C)
MentorShow,Avneet Pujji,Venture Capital,Consumer Products and Services (B2C)
MentorShow,Thibaud Elziere,Angel (individual),Consumer Products and Services (B2C)
UroMems,Celia Hart,Venture Capital,Healthcare
UroMems,Rainer Strohmenger,Venture Capital,Healthcare
Save Market,Patrice Thiry,Venture Capital,Business Products and Services (B2B)
Digimind,Chris Hote,Angel (individual),Information Technology
Digimind,Nicolas Douarec,Angel (individual),Information Technology
EyePick,Sofia Dahoune,Venture Capital,Information Technology
Moments Lab,Dominique Edelin,Angel (individual),Information Technology
Moments Lab,Anne-Sophie Carrese,Venture Capital,Information Technology
Step Pharma,Roger Franklin,Venture Capital,Healthcare
Step Pharma,Vanessa Malier,Venture Capital,Healthcare
Step Pharma,Ohad Hammer,Venture Capital,Healthcare
Step Pharma,Jacob Moresco,Venture Capital,Healthcare
Néo Funéraire,Anne-Laure Charbonnier,Venture Capital,Consumer Products and Services (B2C)
Poppins (Healthcare Technology Systems),Amine Marouf,Venture Capital,Healthcare
Artifakt,Xavier Mesnier,Venture Capital,Information Technology
Cubyn,Spyro Korsanos,Venture Capital,Business Products and Services (B2B)
MyPL,Hans Wildiers,Angel (individual),Healthcare
MyPL,Catherine Boule,Venture Capital,Healthcare
MyPL,Magali Lacroix-tricki,Angel (individual),Healthcare
MyPL,Mahasti Saghatchian,Angel (individual),Healthcare
MyPL,Pierre Soubeyran,Angel (individual),Healthcare
Golem.ai,Stéphanie Hospital,Venture Capital,Information Technology
PayFit,Amaury Sepulchre,Angel (individual),Information Technology
PayFit,Bruno Raillard,Venture Capital,Information Technology
PayFit,Nicolas Debock,Angel (individual),Information Technology
PayFit,Pierre Entremont,Angel (individual),Information Technology
PayFit,Romain Cottard,Angel (individual),Information Technology
PayFit,Xavier Niel,Angel (individual),Information Technology
Pledg,Hélène Falchier,Venture Capital,Information Technology
Resilience (Clinics/Outpatient Services),Charles Ferté,Angel (individual),Healthcare
Resilience (Clinics/Outpatient Services),Jean-Charles Samuelian-Werve,Angel (individual),Healthcare
Resilience (Clinics/Outpatient Services),Nathalie Balla,Angel (individual),Healthcare
Resilience (Clinics/Outpatient Services),Philippe Dabi,Angel (individual),Healthcare
Resilience (Clinics/Outpatient Services),Roxanne Varza,Angel (individual),Healthcare
Resilience (Clinics/Outpatient Services),Raffi Kamber,Venture Capital,Healthcare
Resilience (Clinics/Outpatient Services),Thomas Clozel,Angel (individual),Healthcare
Resilience (Clinics/Outpatient Services),Xavier Niel,Angel (individual),Healthcare
Hugging Face,Ronald Conway,Venture Capital,Information Technology
Hugging Face,Alex Wang,Angel (individual),Information Technology
Hugging Face,Augusto Marietti,Angel (individual),Information Technology
Hugging Face,Brandon Reeves,Angel (individual),Information Technology
Hugging Face,Dev Ittycheria,Angel (individual),Information Technology
Hugging Face,Florian Douetteau,Angel (individual),Information Technology
Hugging Face,Kevin Durant,Angel (individual),Information Technology
Hugging Face,Lee Fixel,Angel (individual),Information Technology
Hugging Face,Brandon Reeves,Venture Capital,Information Technology
Hugging Face,Olivier Pomel,Angel (individual),Information Technology
Hugging Face,Paul St. John,Angel (individual),Information Technology
Hugging Face,Rich Kleiman,Angel (individual),Information Technology
Hugging Face,Richard Socher,Angel (individual),Information Technology
Welyb,Renaud Guillerm,Venture Capital,Information Technology
ACWA Robotics,Aurélie Viaux,Venture Capital,Information Technology
Anka (Internet Retail),Herve Cuviliez,Venture Capital,Consumer Products and Services (B2C)
Anka (Internet Retail),Benoit Delestre,Venture Capital,Consumer Products and Services (B2C)
Karos,Jean-Marc Bally,Venture Capital,Consumer Products and Services (B2C)
Kolsquare,Romain Vidal,Venture Capital,Business Products and Services (B2B)
Kolsquare,Jacques-Antoine Granjon,Angel (individual),Business Products and Services (B2B)
Kolsquare,Xavier Niel,Angel (individual),Business Products and Services (B2B)
Mansa,Didier Valet,Angel (individual),Financial Services
Mansa,Marc Menasé,Venture Capital,Financial Services
Mansa,Laurent Ritter,Angel (individual),Financial Services
Mansa,Mathieu Laine,Angel (individual),Financial Services
Mansa,Yannick Bollore,Angel (individual),Financial Services
Refiner,Tyler Tringas,Venture Capital,Information Technology
Vestiaire Collective,Paul Degueuse,Venture Capital,Consumer Products and Services (B2C)
Vestiaire Collective,Griffin Schroeder,Venture Capital,Consumer Products and Services (B2C)
PeeK'in,Chantal Baudron,Angel (individual),Information Technology
Sorare,Andrei Brasoveanu,Venture Capital,Information Technology
Sorare,Alexis Ohanian,Angel (individual),Information Technology
Sorare,Antoine Griezmann,Angel (individual),Information Technology
Sorare,Peter Fenton,Venture Capital,Information Technology
Sorare,Gary Vaynerchuk,Angel (individual),Information Technology
Sorare,Rio Ferdinand,Angel (individual),Information Technology
VizioSense,Carlo Posing,Angel (individual),Information Technology
VizioSense,Dennis Brenndörfer,Angel (individual),Information Technology
VizioSense,Lionel Pelamourgues,Angel (individual),Information Technology
Luos,Jean-Yves Muller,Venture Capital,Information Technology
Bouge ta Boite,Gonzague De Blignières,Angel (individual),Business Products and Services (B2B)
Bouge ta Boite,Jean-Pierre Letartre,Angel (individual),Business Products and Services (B2B)
Bouge ta Boite,Mylène Romano,Angel (individual),Business Products and Services (B2B)
Bouge ta Boite,Thibaut Bechetoille,Angel (individual),Business Products and Services (B2B)
Stirweld,Stephane Lefevre-Sauli,Venture Capital,Business Products and Services (B2B)
Theravectys,John Pieters,Angel (individual),Healthcare
Theravectys,Richard Hennessy,Angel (individual),Healthcare
Wethenew,Christian Jorge,Angel (individual),Consumer Products and Services (B2C)
Wethenew,Frank Ntilikina,Angel (individual),Consumer Products and Services (B2C)
Libeo,Isabelle Gallo,Venture Capital,Information Technology
Libeo,George Henry,Venture Capital,Information Technology
Santexpat.fr,Frédéric Caron,Venture Capital,Financial Services
Powder,Kevin Hartz,Angel (individual),Information Technology
Powder,Turner Novak,Angel (individual),Information Technology
Vestack,Arthur Waller,Angel (individual),Information Technology
Vestack,Gilles Ghesquiere,Angel (individual),Information Technology
Vestack,Vincent Gentil,Angel (individual),Information Technology
Homepilot by iad,Christophe Courtin,Angel (individual),Information Technology
Homepilot by iad,Cyril Vermeulen,Angel (individual),Information Technology
Homepilot by iad,Didier Kuhn,Angel (individual),Information Technology
Homepilot by iad,Geoffroy Roux de Bézieux,Angel (individual),Information Technology
Homepilot by iad,Jean-Fabrice Mathieu,Angel (individual),Information Technology
Yukin Therapeutics,Michèle Ollier,Venture Capital,Healthcare
Aura Aero,Jérôme Faul,Venture Capital,Business Products and Services (B2B)
Beam (Publishing),Albert Wenger,Angel (individual),Consumer Products and Services (B2C)
Beam (Publishing),Christian Reber-Prevot,Angel (individual),Consumer Products and Services (B2C)
Beam (Publishing),Harry Stebbings,Angel (individual),Consumer Products and Services (B2C)
Beam (Publishing),Jordan Cooper,Venture Capital,Consumer Products and Services (B2C)
Beam (Publishing),Bijan Sabet,Venture Capital,Consumer Products and Services (B2C)
Beam (Publishing),David Kelly,Venture Capital,Consumer Products and Services (B2C)
Luna (Restaurants and Bars),Jonathan Benhamou,Angel (individual),Consumer Products and Services (B2C)
Luna (Restaurants and Bars),Julie Pellet,Angel (individual),Consumer Products and Services (B2C)
Supli,Christophe Courtin,Angel (individual),Information Technology
Supli,Marc Ménasé,Angel (individual),Information Technology
SquareMind,Lucanus Polagnoli,Venture Capital,Healthcare
Reecall,Thibaud Elziere,Angel (individual),Information Technology
Particeep,Patrick Lord,Venture Capital,Information Technology
Tchek,Pierre Joubert,Venture Capital,Information Technology
VuLog,Fabrice Bienfait,Venture Capital,Information Technology
VuLog,Ivo Nemejc,Venture Capital,Information Technology
Opencell,Ludovic Denis,Venture Capital,Information Technology
Indy,Antoine Freysz,Venture Capital,Information Technology
Indy,Jeremy Uzan,Venture Capital,Information Technology
eCential Robotics,Guillaume Hemmerle,Venture Capital,Healthcare
Le Coq Toqué,Anthony Arsac,Venture Capital,Consumer Products and Services (B2C)
Sis ID,Olivier Brourhant,Venture Capital,Information Technology
Deepbloo,Marcos Doucet,Angel (individual),Information Technology
Deepbloo,Pascal Magnier,Angel (individual),Information Technology
Deepbloo,Philippe Cattin-Vidal,Angel (individual),Information Technology
Deepbloo,Stanislas Drouin,Angel (individual),Information Technology
Elixir Aircraft,Hervé Libeau,Angel (individual),Consumer Products and Services (B2C)
Elixir Aircraft,Pascal-Olivier Mantoux,Angel (individual),Consumer Products and Services (B2C)
Le Petit Béret,Bruno Thévenin,Angel (individual),Consumer Products and Services (B2C)
Le Petit Béret,Gérald Vallée,Angel (individual),Consumer Products and Services (B2C)
Pennylane,Chris Corbishley,Angel (individual),Information Technology
Pennylane,David Sainteff,Venture Capital,Information Technology
Sneakmart,Michael Amar,Angel (individual),Consumer Products and Services (B2C)
Biospeedia,Ismail Kola,Venture Capital,Healthcare
Cookoon,Julien Serdaru-Barbul,Angel (individual),Consumer Products and Services (B2C)
I Make,Maxime de Varine-Bohan,Venture Capital,Consumer Products and Services (B2C)
Semkel,Jérôme Keloghlanian,Angel (individual),Information Technology
Semkel,Laurent de Monestrol,Angel (individual),Information Technology
Semkel,Laurent Delaporte,Angel (individual),Information Technology
Semkel,Nenad Cetkovic,Angel (individual),Information Technology
Semkel,Patrick Amiel,Angel (individual),Information Technology
Semkel,Patrick Bertrand,Angel (individual),Information Technology
Semkel,Thierry Debarnot,Angel (individual),Information Technology
SimpliField,Mike Marg,Venture Capital,Information Technology
Yacht Sentinel,Thomas Whitby,Venture Capital,Information Technology
Chosen,Alexandre Godvin,Angel (individual),Consumer Products and Services (B2C)
Flatchr,Damien Vincent,Angel (individual),Business Products and Services (B2B)
Kwit,Jean De La Rochebrochard,Venture Capital,Consumer Products and Services (B2C)
UPMEM,Reza Malekzadeh,Venture Capital,Information Technology
Hprobe,Christian Ziach,Venture Capital,Information Technology
Coinhouse,Alain Rodermann,Venture Capital,Financial Services
I'm Ok,Alberto Potycki,Venture Capital,Information Technology
CorWave,Antoine Papiernik,Venture Capital,Healthcare
CorWave,Raúl Martín-Ruiz,Venture Capital,Healthcare
Lydia,Amitabh Jhawar,Venture Capital,Information Technology
Lydia,Cyril Bertrand,Venture Capital,Information Technology
Innoskel,Rajul Jain,Venture Capital,Healthcare
Sorare,Gerard Pique,Angel (individual),Information Technology
In&motion Airbags,Emanuele Levi,Venture Capital,Consumer Products and Services (B2C)
Prodigy Agency,Matthieu Dallon,Venture Capital,Business Products and Services (B2B)
MyDataModels,Jingchun Hao,Venture Capital,Information Technology
Shippeo,Remy de Tonnac,Venture Capital,Information Technology
Shippeo,Laurin Hainy,Angel (individual),Information Technology
Shippeo,Bo Ilsøe,Venture Capital,Information Technology
Shippeo,Philippe Collombel,Venture Capital,Information Technology
Luko,Amaury Sepulchre,Angel (individual),Financial Services
Luko,Assaf Wand,Angel (individual),Financial Services
Luko,Rania Belkahia,Venture Capital,Financial Services
Luko,Lluis Viñas,Venture Capital,Financial Services
Luko,Rachel Delacour,Angel (individual),Financial Services
Luko,Robert Gentz,Angel (individual),Financial Services
Luko,Stefan Klestil,Venture Capital,Financial Services
Luko,Thomas Plantenga,Angel (individual),Financial Services
Luko,Tom Lesche,Angel (individual),Financial Services
Pigment (Business/Productivity Software),Ophelia Brown,Venture Capital,Information Technology
Pigment (Business/Productivity Software),David Clarke,Angel (individual),Information Technology
Pigment (Business/Productivity Software),Matthias Turck,Venture Capital,Information Technology
Pigment (Business/Productivity Software),Paul Melchiorre,Angel (individual),Information Technology
Ankorstore,David Sainteff,Venture Capital,Business Products and Services (B2B)
Befoil,Philippe Renaudin,Venture Capital,Consumer Products and Services (B2C)
MaaT Pharma,Karine Lignel,Venture Capital,Healthcare
MaaT Pharma,Isabelle de Cremoux,Venture Capital,Healthcare
MaaT Pharma,Stefan Catsicas,Venture Capital,Healthcare
MaaT Pharma,Chidozie Ugwumba,Venture Capital,Healthcare
727 Sailbags,Philippe Renaudin,Venture Capital,Consumer Products and Services (B2C)
auum,Thibault Lamarque,Angel (individual),Business Products and Services (B2B)
PowerUp,Marine Glon,Venture Capital,Information Technology
Trone,Frédéric Jousset,Angel (individual),Consumer Products and Services (B2C)
Trone,Othmane Bouhlal,Angel (individual),Consumer Products and Services (B2C)
Trone,Thibaud Elziere,Angel (individual),Consumer Products and Services (B2C)
Trone,Veronique Morali,Angel (individual),Consumer Products and Services (B2C)
Trone,Victor Lugger,Angel (individual),Consumer Products and Services (B2C)
Trone,Xavier Niel,Angel (individual),Consumer Products and Services (B2C)
Numa Health,Christian Ridoire,Angel (individual),Healthcare
Numa Health,Jean-Pierre Picot,Angel (individual),Healthcare
Numa Health,Rémi Noguéra,Angel (individual),Healthcare
GrAI Matter Labs,Nader Sabbaghian,Venture Capital,Information Technology
Preligens,Alexandre Mordacq,Venture Capital,Information Technology
Third Design,Karim Jouini,Angel (individual),Information Technology
Third Design,Satoshi Shinada,Venture Capital,Information Technology
Livestorm,Cyril Guenoun,Venture Capital,Information Technology
Perspective[S],Pierre Joubert,Venture Capital,Business Products and Services (B2B)
Advenworks,Thibaud Morin,Venture Capital,Information Technology
Dynacure,Remi Droller,Venture Capital,Healthcare
Dynacure,Ellen Hukkelhoven,Venture Capital,Healthcare
Dynacure,Tomer Kariv,Venture Capital,Healthcare
Volta Medical,Janke Dittmer,Venture Capital,Healthcare
Atlan Space,Dounia Boumehdi,Venture Capital,Information Technology
clim8,Alexis Nohen,Venture Capital,Information Technology
clim8,Charlie Foster,Angel (individual),Information Technology
clim8,Davy Langlais,Angel (individual),Information Technology
clim8,Max Phillips,Angel (individual),Information Technology
clim8,Emmanuel Fiessinger,Venture Capital,Information Technology
clim8,Umesh Kumar,Angel (individual),Information Technology
PEP-Therapy,Bernard Majoie,Angel (individual),Healthcare
Interstis,Renaud Guillerm,Venture Capital,Information Technology
Custom Bridge,Simon Gibson,Venture Capital,Information Technology
SurgAR,Gwenaël Hamon,Venture Capital,Healthcare
SparingVision,Owen Smith,Venture Capital,Healthcare
SparingVision,Geoffroy Ribains,Venture Capital,Healthcare
SparingVision,Karen Wagner,Venture Capital,Healthcare
Dimpl,Armelle de Tinguy,Venture Capital,Financial Services
Pixii,Fabrice Barbier,Angel (individual),Consumer Products and Services (B2C)
Cardiawave,Bernard Kirsch,Angel (individual),Healthcare
Cardiawave,Geoffroy de Casteja,Angel (individual),Healthcare
Cardiawave,Laurin Hainy,Angel (individual),Healthcare
Murfy,Christian Jorge,Angel (individual),Consumer Products and Services (B2C)
Comptoir de Campagne,Philippe Menier,Angel (individual),Consumer Products and Services (B2C)
SlimPay,Sake Bosch,Venture Capital,Information Technology
Spectral (Business/Productivity Software),Cédric Favier,Venture Capital,Information Technology
Aledia,Jiong Ma,Venture Capital,Information Technology
Nextflow Software,Jérôme Guéret,Venture Capital,Information Technology
Ynsect,Matthieu Vermersch,Venture Capital,Materials and Resources
Ynsect,Sofia Hmich,Angel (individual),Materials and Resources
Ynsect,Matus Maar,Venture Capital,Materials and Resources
Ynsect,Yves Sisteron,Venture Capital,Materials and Resources
Kiute,Sébastien Le Roy,Venture Capital,Business Products and Services (B2B)
Brevo,Bruno Crémel,Venture Capital,Information Technology
Lya Protect,Sebastien Touvron,Venture Capital,Information Technology
Maria Schools,Andreas Wiele,Angel (individual),Business Products and Services (B2B)
Maria Schools,Julien Coulon,Venture Capital,Business Products and Services (B2B)
Maria Schools,Florian Douetteau,Angel (individual),Business Products and Services (B2B)
Comet (Buildings and Property),Alexandre Grux,Angel (individual),Business Products and Services (B2B)
Comet (Buildings and Property),Pierre Kosciusko Morizet,Angel (individual),Business Products and Services (B2B)
Mirakl,Laurel Bowden,Venture Capital,Information Technology
Mirakl,Scott Friend,Venture Capital,Information Technology
Mirakl,Xavier Lazarus,Venture Capital,Information Technology
Mirakl,Frederic Court,Venture Capital,Information Technology
Supermood,Guillaume Aubin,Venture Capital,Business Products and Services (B2B)
Supermood,Francis Nappez,Angel (individual),Business Products and Services (B2B)
Antaios,Vincent Deltrieu,Venture Capital,Information Technology
Nutri&Co,Jacques Chevallet,Angel (individual),Consumer Products and Services (B2C)
Fydem,Benjamin Gaignault,Angel (individual),Information Technology
Fydem,Jean-David Benichou,Angel (individual),Information Technology
Fydem,Maxime Gaignault,Angel (individual),Information Technology
Fydem,Stéphanie Hospital,Venture Capital,Information Technology
Fydem,Jean-David Benichou,Venture Capital,Information Technology
ImCheck Therapeutics,Vincent Brichard,Venture Capital,Healthcare
ImCheck Therapeutics,Remi Droller,Venture Capital,Healthcare
ImCheck Therapeutics,Klaus Breiner,Venture Capital,Healthcare
ImCheck Therapeutics,Regina Hodits,Venture Capital,Healthcare
Diffusely,Cyril Guenoun,Venture Capital,Information Technology
Diffusely,Rodolphe Menegaux,Venture Capital,Information Technology
Diffusely,Sake Bosch,Venture Capital,Information Technology
Diffusely,Eric Martineau-Fortin,Venture Capital,Information Technology
Descartes Underwriting,Jacobo Abitbol,Venture Capital,Financial Services
Waga Energy,Arnaud Delattre,Venture Capital,Business Products and Services (B2B)
Zei,Valentine Baudouin,Venture Capital,Information Technology
Zei,Myriam Maestroni,Angel (individual),Information Technology
Op2Lysis,Eric Brandt,Venture Capital,Healthcare
VitaDX,Sebastien Descarpentries,Venture Capital,Healthcare
VitaDX,Leila Nicolas,Venture Capital,Healthcare
LegalVision,Rui Ferreira,Venture Capital,Business Products and Services (B2B)
Contrast (Communication Software),Luca Ascani,Venture Capital,Information Technology
Contrast (Communication Software),Boris Golden,Venture Capital,Information Technology
Klassroom ( Educational Software),Andrew Myers,Angel (individual),Information Technology
Klassroom ( Educational Software),Jérôme Lecat,Angel (individual),Information Technology
Biodol Therapeutics,Ward Capoen,Venture Capital,Healthcare
Cosmose,Ohad Finkelstein,Angel (individual),Information Technology
Cosmose,Adam Niewinski,Venture Capital,Information Technology
Cosmose,Daniel Star,Venture Capital,Information Technology
Cosmose,George Zage,Venture Capital,Information Technology
Evina,Herve Cuviliez,Venture Capital,Information Technology
Evina,Laurent Delaporte,Angel (individual),Information Technology
Yubo (Social/Platform Software),François Meteyer,Venture Capital,Information Technology
Octo (Entertainment Software),Hadrien de La Tour,Venture Capital,Information Technology
Octo (Entertainment Software),Marc Ménasé,Angel (individual),Information Technology
DNA Script,Eli Casdin,Venture Capital,Healthcare
DNA Script,Joachim Rothe,Venture Capital,Healthcare
DNA Script,Nicholas Naclerio,Venture Capital,Healthcare
DNA Script,Philippe Peltier,Venture Capital,Healthcare
DNA Script,Josko Bobanović,Venture Capital,Healthcare
Japhy,Antoine Loison,Venture Capital,Consumer Products and Services (B2C)
Japhy,Maxime Walter,Venture Capital,Consumer Products and Services (B2C)
Kaliz,Aymeric Grottes,Angel (individual),Business Products and Services (B2B)
Kaliz,Benoit Charles-Lavauzelles,Angel (individual),Business Products and Services (B2B)
Kaliz,Elaine Fabricius,Angel (individual),Business Products and Services (B2B)
Kaliz,Francis Davy,Angel (individual),Business Products and Services (B2B)
Kaliz,Ludovic Huzieux,Angel (individual),Business Products and Services (B2B)
Kaliz,Mathieu Prevost,Angel (individual),Business Products and Services (B2B)
Kaliz,Nadra Moussalem,Angel (individual),Business Products and Services (B2B)
Kaliz,Nicolas Hernandez,Angel (individual),Business Products and Services (B2B)
Kaliz,Olivier Lignon,Angel (individual),Business Products and Services (B2B)
Aryballe,Vincent Deltrieu,Venture Capital,Information Technology
Cabaia,Alexandre Guillot,Venture Capital,Consumer Products and Services (B2C)
Ieva Group,Stéphane Simoncini,Venture Capital,Consumer Products and Services (B2C)
Biloba,Lucanus Polagnoli,Venture Capital,Healthcare
Biloba,Olivier Bronner,Angel (individual),Healthcare
Biloba,Roxanne Varza,Angel (individual),Healthcare
Apimo,Christophe Rousseaux,Angel (individual),Information Technology
OLY Be,Camille Kriebitzsch,Venture Capital,Consumer Products and Services (B2C)
8sec,Olivier Martret,Venture Capital,Information Technology
Moona,Lucian Wagner,Venture Capital,Consumer Products and Services (B2C)
Moona,Cyril Ebersweiler,Venture Capital,Consumer Products and Services (B2C)
Honing Biosciences,Franck Lescure,Venture Capital,Healthcare
Exotrail,Frederic Humbert,Venture Capital,Business Products and Services (B2B)
Exotrail,Yvan-Michel Ehkirch,Venture Capital,Business Products and Services (B2B)
Exotrail,Thibaud Elziere,Angel (individual),Business Products and Services (B2B)
Unlatch,François Robinet,Venture Capital,Information Technology
inHEART,Samantha Jérusalmy,Venture Capital,Healthcare
Baloon Africa,Bernard de Longevialle,Angel (individual),Financial Services
Baloon Africa,Bruno Salmon,Angel (individual),Financial Services
Baloon Africa,Cedric Mathorel,Angel (individual),Financial Services
Baloon Africa,Cyril Benoit,Angel (individual),Financial Services
Baloon Africa,Denis Chatelan,Angel (individual),Financial Services
Baloon Africa,Eric Delannoy,Angel (individual),Financial Services
Baloon Africa,Emilie Buttiaux,Venture Capital,Financial Services
Baloon Africa,Gaëlle Olivier,Angel (individual),Financial Services
Baloon Africa,Gregoire Cayatte,Angel (individual),Financial Services
Baloon Africa,Guillaume Hannezo,Angel (individual),Financial Services
Baloon Africa,Hugues Chabanis,Angel (individual),Financial Services
Baloon Africa,Jacques Thibon,Angel (individual),Financial Services
Baloon Africa,Jean Gore,Angel (individual),Financial Services
Baloon Africa,Laurent Guéroult,Angel (individual),Financial Services
Baloon Africa,Nelly Brossard,Angel (individual),Financial Services
Baloon Africa,Nicolas Macquin,Angel (individual),Financial Services
Baloon Africa,Pierre-Olivier Desaulle,Angel (individual),Financial Services
Baloon Africa,Tatiana Jama,Angel (individual),Financial Services
Baloon Africa,Thierry Delaporte,Angel (individual),Financial Services
Baloon Africa,Thierry Vandewalle,Angel (individual),Financial Services
Check & Visit,Mathias Flattin,Venture Capital,Information Technology
Gleamer,Guillaume Meulle,Venture Capital,Healthcare
Shipup,Samantha Jérusalmy,Venture Capital,Information Technology
ABC Transfer,Herve Bachelot Lallier,Venture Capital,Healthcare
Enterome,Isabelle de Cremoux,Venture Capital,Healthcare
Enterome,Andrea Pederzolli,Venture Capital,Healthcare
Memo Bank,Alexis Bonillo,Angel (individual),Financial Services
Memo Bank,Antoine Martin,Angel (individual),Financial Services
Memo Bank,Didier Le Menestrel,Angel (individual),Financial Services
Memo Bank,Eduardo Ronzano,Angel (individual),Financial Services
Memo Bank,Edward Lando,Angel (individual),Financial Services
Memo Bank,Valentine Baudouin,Venture Capital,Financial Services
Memo Bank,Gregory Pascal,Angel (individual),Financial Services
Memo Bank,Jacques Veyrat,Angel (individual),Financial Services
Memo Bank,Marc Ménasé,Angel (individual),Financial Services
Memo Bank,Michaël Benabou,Angel (individual),Financial Services
Memo Bank,Nicolas Steegmann,Angel (individual),Financial Services
Memo Bank,Oleg Tscheltzoff,Angel (individual),Financial Services
Memo Bank,Othmane Bouhlal,Angel (individual),Financial Services
Memo Bank,Paulin Dementhon,Angel (individual),Financial Services
Memo Bank,Pierre Valade,Angel (individual),Financial Services
Memo Bank,Sarah Meyohas,Angel (individual),Financial Services
Memo Bank,Thibaud Elziere,Angel (individual),Financial Services
Memo Bank,Xavier Niel,Angel (individual),Financial Services
Memo Bank,Yannick Hascoet,Angel (individual),Financial Services
I Make,Antoine Fine,Venture Capital,Consumer Products and Services (B2C)
I Make,Thibaud Hug de Larauze,Angel (individual),Consumer Products and Services (B2C)
Swile,Marie Ekeland,Venture Capital,Financial Services
Swile,Martin Mignot,Venture Capital,Financial Services
SynHelix,Alain Huriez,Venture Capital,Healthcare
Navily,Roland Coutas,Angel (individual),Consumer Products and Services (B2C)
Zar,Jean-Marie Messier,Angel (individual),Information Technology
Linkfluence,Dominique Rencurel,Venture Capital,Information Technology
Alkemics,Jacobo Abitbol,Venture Capital,Information Technology
Alkemics,Anthony Zappalà,Venture Capital,Information Technology
Alkemics,Dominique Vidal,Venture Capital,Information Technology
Alkemics,Xavier Lorphelin,Venture Capital,Information Technology
Kalsiom,Geoffroy Ribains,Venture Capital,Healthcare
Protera,Josko Bobanović,Venture Capital,Consumer Products and Services (B2C)
Synapse Medicine,Nicolas Dessaigne,Angel (individual),Healthcare
Mediarithmics,Marc Simoncini,Venture Capital,Business Products and Services (B2B)
Mediarithmics,Marc Simoncini,Venture Capital,Business Products and Services (B2B)
Mediarithmics,Matthieu Hug,Angel (individual),Business Products and Services (B2B)
Mediarithmics,Claire Houry,Venture Capital,Business Products and Services (B2B)
Vizcab,Othmane Zrikem,Venture Capital,Information Technology
HypnoVR,Guillaume Richard,Angel (individual),Healthcare
Wingly,Annie Combelles,Angel (individual),Consumer Products and Services (B2C)
Wingly,Charles Cabillic,Angel (individual),Consumer Products and Services (B2C)
Wingly,Felix Haas,Angel (individual),Consumer Products and Services (B2C)
Wingly,Jérôme Faul,Venture Capital,Consumer Products and Services (B2C)
Wingly,Thibaud Elziere,Angel (individual),Consumer Products and Services (B2C)
Didomi,Maximilien Bacot,Venture Capital,Information Technology
Kuste Biopharma,Federica Draghi,Venture Capital,Healthcare
energysquare,Alison Imbert,Venture Capital,Information Technology
Saagie,Guillaume Dhee,Venture Capital,Information Technology
Saagie,Roland Le Roux,Angel (individual),Information Technology
Saagie,David Manjarres,Venture Capital,Information Technology
Inpulse,Pascal Bordat,Venture Capital,Information Technology
Quintesens,Jérôme Rayet,Venture Capital,Consumer Products and Services (B2C)
Monstock,Renaud Guillerm,Venture Capital,Information Technology
Sipad,Jean-Luc Biache,Angel (individual),Healthcare
Sipad,Xavier Sevin,Angel (individual),Healthcare
UWINLOC,Marc Rougier,Venture Capital,Information Technology
My Job Glasses,Jean-Marc Bouchet,Angel (individual),Business Products and Services (B2B)
My Job Glasses,Xavier Niel,Angel (individual),Business Products and Services (B2B)
La Fourche,Yacine Ghalim,Venture Capital,Consumer Products and Services (B2C)
ContentSquare,Anthony Zappalà,Venture Capital,Information Technology
Futura Gaïa,Alain Raymond,Angel (individual),Materials and Resources
Volum,Anne-Sophie Saint-Martin,Venture Capital,Business Products and Services (B2B)
Fabriq (Business/Productivity Software),Charles Bouygues,Venture Capital,Information Technology
Neocase,Patrice Hutin,Venture Capital,Information Technology
PlayPlay,Antoine Freysz,Angel (individual),Information Technology
PlayPlay,Robert Moffat,Venture Capital,Information Technology
PlayPlay,Christoph Janz,Angel (individual),Information Technology
PlayPlay,Antoine Freysz,Venture Capital,Information Technology
PlayPlay,Robert Moffat,Angel (individual),Information Technology
HappyVore,Andrea Canidio,Angel (individual),Consumer Products and Services (B2C)
HappyVore,Edouard Roschi,Angel (individual),Consumer Products and Services (B2C)
HappyVore,Philippe Cantet,Angel (individual),Consumer Products and Services (B2C)
Le Slip Francais,Emanuele Levi,Venture Capital,Consumer Products and Services (B2C)
Medicaim,Didier Valet,Angel (individual),Healthcare
Medicaim,Flavien Kulawik,Angel (individual),Healthcare
Medicaim,Laurent Ritter,Angel (individual),Healthcare
Medicaim,Nicolas Douay,Angel (individual),Healthcare
Singulart,Audrey Soussan,Venture Capital,Consumer Products and Services (B2C)
Agicap,Alexis Robert,Venture Capital,Information Technology
Agicap,Philippe Collombel,Venture Capital,Information Technology
Back Market,Pierre-Yves Meerschman,Venture Capital,Consumer Products and Services (B2C)
BonneGueule,Thibaut de Roux,Venture Capital,Consumer Products and Services (B2C)
Quandela,Christophe Jurczak,Venture Capital,Information Technology
Hinfact,Anne-Laure Charbonnier,Venture Capital,Information Technology
InsideBoard,François Robinet,Venture Capital,Information Technology
InsideBoard,Jean-David Chamboredon,Venture Capital,Information Technology
Robocath,Bruno Guicheux,Venture Capital,Healthcare
Pepette,Giorgio Riccò,Angel (individual),Consumer Products and Services (B2C)
Vestiaire Collective,Fleur Pellerin,Venture Capital,Consumer Products and Services (B2C)
Phost'in Therapeutics,Hitoshi Ono,Venture Capital,Healthcare
Symaps.io,Cyril Vermeulen,Angel (individual),Information Technology
Symaps.io,Didier Kuhn,Angel (individual),Information Technology
SpotLight (Other Commercial Products),Abdullah Al-Shaksy,Venture Capital,Business Products and Services (B2B)
Toopi Organics,John Samson,Angel (individual),Materials and Resources
Chance,Alain Cojean,Angel (individual),Information Technology
Chance,Françoise Gri,Angel (individual),Information Technology
Chance,Frederic Kerrest,Angel (individual),Information Technology
Chance,Jean-Bernard Levy,Angel (individual),Information Technology
Clustdoc,Roberto Bonanzinga,Venture Capital,Information Technology
Endodiag,Michael Thomas,Venture Capital,Healthcare
AB Tasty,Cyrus Contant,Venture Capital,Information Technology
Nabla,Julie Pellet,Angel (individual),Healthcare
Nabla,Marc Simoncini,Angel (individual),Healthcare
Nabla,Rachel Delacour,Angel (individual),Healthcare
Nabla,Rodolphe Saadé,Angel (individual),Healthcare
Nabla,Xavier Niel,Angel (individual),Healthcare
Leavy.co,Jelto Smits,Angel (individual),Consumer Products and Services (B2C)
Leavy.co,Pieter Welten,Venture Capital,Consumer Products and Services (B2C)
Protera,Rodrigo Casanello,Angel (individual),Consumer Products and Services (B2C)
Protera,Arvind Gupta,Venture Capital,Consumer Products and Services (B2C)
uTip,Thomas Rebaud,Angel (individual),Business Products and Services (B2B)
Leah (Healthcare Technology Systems),Alain Huriez,Venture Capital,Healthcare
BRÂAM,Jérôme Rayet,Venture Capital,Consumer Products and Services (B2C)
BRÂAM,Frédéric Krebs,Venture Capital,Consumer Products and Services (B2C)
Orphelia Pharma,Julien Alberici,Venture Capital,Healthcare
PayLead,Hugues Le Bret,Angel (individual),Information Technology
Telegrafik,Déborah Parès,Angel (individual),Healthcare
Telegrafik,Philippe Carle,Angel (individual),Healthcare
MWM,Alexandre Mars,Venture Capital,Information Technology
MWM,Daniel Marhely,Angel (individual),Information Technology
MWM,Thomas Dadashi,Venture Capital,Information Technology
MWM,Krishna Visvanathan,Angel (individual),Information Technology
MWM,Xavier Niel,Angel (individual),Information Technology
Uvoji,Cedric Delorme,Angel (individual),Business Products and Services (B2B)
Lancey Energy Storage,Yves Chabot,Angel (individual),Consumer Products and Services (B2C)
iObeya,Luc-Emmanuel Barreau,Venture Capital,Information Technology
Kraaft,Renan Devillieres,Venture Capital,Information Technology
Jestocke,Laurent Burton,Venture Capital,Business Products and Services (B2B)
WAAM,Charles-Antoine Morand,Venture Capital,Consumer Products and Services (B2C)
CybelAngel,Alexis Le-Quoc,Angel (individual),Information Technology
CybelAngel,Louis Shipley,Angel (individual),Information Technology
CybelAngel,Olivier Pomel,Angel (individual),Information Technology
CybelAngel,Pieter Welten,Venture Capital,Information Technology
CybelAngel,Renaud Deraison,Angel (individual),Information Technology
CybelAngel,Stephan Dietrich,Angel (individual),Information Technology
CybelAngel,Damien Henault,Venture Capital,Information Technology
Inotrem,Ena Prosser,Venture Capital,Healthcare
Inotrem,Jason Dinges,Venture Capital,Healthcare
Inotrem,Graziano Seghezzi,Venture Capital,Healthcare
Shippeo,Remy de Tonnac,Venture Capital,Information Technology
Shippeo,Bo Ilsøe,Venture Capital,Information Technology
Shippeo,Philippe Collombel,Venture Capital,Information Technology
Stilla Technologies,Nicholas Naclerio,Venture Capital,Healthcare
Stilla Technologies,Philippe Peltier,Venture Capital,Healthcare
Stilla Technologies,Alison Imbert,Venture Capital,Healthcare
Plum Living,Jean De La Rochebrochard,Venture Capital,Consumer Products and Services (B2C)
CerbAir,Rajat Khare,Venture Capital,Information Technology
Fabentech,Franck Lescure,Venture Capital,Healthcare
Fabentech,Gwenaël Hamon,Venture Capital,Healthcare
Fabentech,Guillaume Hemmerle,Venture Capital,Healthcare
Convelio,Dominik Alvermann,Venture Capital,Business Products and Services (B2B)
Inato,Denis Barrier,Venture Capital,Healthcare
Inato,Christopher Gibson,Angel (individual),Healthcare
Inato,Gabriel Matuschka,Venture Capital,Healthcare
Inato,Nan Li,Venture Capital,Healthcare
Tinyclues,Guillaume Aubin,Venture Capital,Information Technology
Tinyclues,Samantha Jérusalmy,Venture Capital,Information Technology
Tinyclues,Alastair Mitchell,Venture Capital,Information Technology
Vulkam,Philippe Vuagnat,Venture Capital,Business Products and Services (B2B)
Vulkam,François Breniaux,Venture Capital,Business Products and Services (B2B)
CetteFamille,Daniel Calle,Angel (individual),Healthcare
Extrality,Florian Douetteau,Angel (individual),Information Technology
Extrality,Nadav Rosenberg,Angel (individual),Information Technology
Extrality,Tancrède Besnard,Angel (individual),Information Technology
AssoConnect,Emilie Buttiaux,Venture Capital,Information Technology
AssoConnect,Michaël Benabou,Angel (individual),Information Technology
AssoConnect,Philippe Tesler,Angel (individual),Information Technology
AssoConnect,Rodolphe Carle,Angel (individual),Information Technology
AssoConnect,Thibaud Elziere,Angel (individual),Information Technology
AssoConnect,Manon Gazzotti,Venture Capital,Information Technology
Neteven,Kjartan Rist,Venture Capital,Information Technology
Powell Software,Alexandre Pelletier,Venture Capital,Information Technology
ManoMano,Andrin Bachmann,Venture Capital,Consumer Products and Services (B2C)
Yogosha,Eric Burdier,Venture Capital,Information Technology
Yogosha,Stéphanie Hospital,Venture Capital,Information Technology
Kickmaker,Thibaut de Roux,Venture Capital,Information Technology
ELIA Games,Arnaud Laurent,Venture Capital,Information Technology
PDC*line Pharma,Sangwoo Lee,Venture Capital,Healthcare
PDC*line Pharma,Hugues Wallemacq,Venture Capital,Healthcare
Krono-Safe,Clement Combal,Venture Capital,Information Technology
Scipio Bioscience,Frank Hensel,Venture Capital,Healthcare
Scipio Bioscience,Philippe Tramoy,Venture Capital,Healthcare
Melba,Martin Solveig,Angel (individual),Information Technology
Melba,Olivier Vaury,Angel (individual),Information Technology
Qonto,Guillaume Aubin,Venture Capital,Information Technology
Qonto,Taavet Hinrikus,Angel (individual),Information Technology
Harvestr,Guillaume Alary-Raisonnier,Angel (individual),Information Technology
Harvestr,Nicolas Hernandez,Angel (individual),Information Technology
Wisper (Business/Productivity Software),John Guinet,Venture Capital,Information Technology
Matera,Arthur Waller,Angel (individual),Information Technology
Matera,Bertrand Jelensperger,Angel (individual),Information Technology
Matera,Marc-David Choukroun,Angel (individual),Information Technology
Matera,Paulin Dementhon,Angel (individual),Information Technology
Matera,Quentin de Metz,Angel (individual),Information Technology
Matera,Tancrède Besnard,Angel (individual),Information Technology
Shopopop,Jérôme Guéret,Venture Capital,Business Products and Services (B2B)
Simango,Stephane Lefevre-Sauli,Venture Capital,Business Products and Services (B2B)
Sensome,Philippe Peltier,Venture Capital,Healthcare
Traefik Labs,Bernard Liautaud,Venture Capital,Information Technology
Traefik Labs,Marc Rougier,Venture Capital,Information Technology
Cardiologs,François Meteyer,Venture Capital,Healthcare
Cardiologs,Philippe Peltier,Venture Capital,Healthcare
Alderaan Biotechnology,Michèle Ollier,Venture Capital,Healthcare
Hivency,Pauline Duval,Angel (individual),Information Technology
Hivency,Thierry Petit,Angel (individual),Information Technology
Devialet,Bernard Arnault,Angel (individual),Consumer Products and Services (B2C)
Devialet,Jean-Francois Baril,Venture Capital,Consumer Products and Services (B2C)
Devialet,Jacques-Antoine Granjon,Angel (individual),Consumer Products and Services (B2C)
Devialet,Fleur Pellerin,Venture Capital,Consumer Products and Services (B2C)
Devialet,Marc Simoncini,Angel (individual),Consumer Products and Services (B2C)
Devialet,Xavier Niel,Angel (individual),Consumer Products and Services (B2C)
Gens De Confiance,Jean-David Chamboredon,Venture Capital,Business Products and Services (B2B)
Gens De Confiance,Romain Lavault,Venture Capital,Business Products and Services (B2B)
Nanoe,Yvan-Michel Ehkirch,Venture Capital,Materials and Resources
Sêmeia,Erik Boulard,Angel (individual),Healthcare
Sêmeia,Thierry Alliotte,Angel (individual),Healthcare
Weblib,Arnaud Delattre,Venture Capital,Information Technology
Feed.,Rodolphe Menegaux,Venture Capital,Consumer Products and Services (B2C)
Fluicity,Edouard Janssen,Angel (individual),Information Technology
Fluicity,Sébastien Breteau,Angel (individual),Information Technology
Invenis,Cyrus Contant,Venture Capital,Information Technology
Lemonway,Benoit Marrel,Venture Capital,Financial Services
Stanley Robotics,Marc Rougier,Venture Capital,Information Technology
GuestViews,Grégory Nouchi,Venture Capital,Business Products and Services (B2B)
Bone 3D,Charles-Antoine Morand,Venture Capital,Healthcare
DreamQuark,Guillaume Dupont,Venture Capital,Information Technology
DreamQuark,Robert Verwaayen,Venture Capital,Information Technology
DreamQuark,Lluis Viñas,Venture Capital,Information Technology
HARi&CO,Camille Kriebitzsch,Venture Capital,Consumer Products and Services (B2C)
Artur'In,Fabrice Grinda,Angel (individual),Information Technology
Constant & Zoé,Francis-Charles Pollet,Angel (individual),Consumer Products and Services (B2C)
Constant & Zoé,Guillaume Alabert,Angel (individual),Consumer Products and Services (B2C)
Constant & Zoé,Marc Simoncini,Venture Capital,Consumer Products and Services (B2C)
Hugging Face,Greg Brockman,Angel (individual),Information Technology
Hugging Face,Richard Socher,Angel (individual),Information Technology
Yubo (Social/Platform Software),Alan Fung,Angel (individual),Information Technology
Yubo (Social/Platform Software),François Meteyer,Venture Capital,Information Technology
Yubo (Social/Platform Software),Eduardo Ronzano,Angel (individual),Information Technology
Yubo (Social/Platform Software),Christian Dörffer,Venture Capital,Information Technology
Yubo (Social/Platform Software),Ben Casnocha,Venture Capital,Information Technology
InterCloud,Alexandre Pelletier,Venture Capital,Information Technology
InterCloud,Jean Bourcereau,Venture Capital,Information Technology
Popshot,Manvinder Singh Banga,Angel (individual),Information Technology
Popshot,Sanjay Patel,Angel (individual),Information Technology
Javelo,Pierre Kosciusko Morizet,Angel (individual),Information Technology
R-PUR,Eric Larchevêque,Angel (individual),Consumer Products and Services (B2C)
R-PUR,Marc Simoncini,Angel (individual),Consumer Products and Services (B2C)
GitGuardian,Suranga Chandratillake,Venture Capital,Information Technology
GitGuardian,Scott Chacon,Angel (individual),Information Technology
GitGuardian,Solomon Hykes,Angel (individual),Information Technology
C4Diagnostics,Andrei Polukhtin,Angel (individual),Healthcare
C4Diagnostics,Armand Perrin,Venture Capital,Healthcare
Webinterpret,Gilles Ghesquiere,Angel (individual),Business Products and Services (B2B)
Webinterpret,Guy Paré,Angel (individual),Business Products and Services (B2B)
Webinterpret,Thibaud Elziere,Angel (individual),Business Products and Services (B2B)
Toucan Toco,Bernard Liautaud,Venture Capital,Information Technology
CiviTime,Herve Bachelot Lallier,Venture Capital,Business Products and Services (B2B)
CapCar,Maximilien Bacot,Venture Capital,Consumer Products and Services (B2C)
TRYON Environnement,Frank Gana,Angel (individual),Business Products and Services (B2B)
TRYON Environnement,Geraldine Poivert,Angel (individual),Business Products and Services (B2B)
TRYON Environnement,Quentin Simon,Venture Capital,Business Products and Services (B2B)
TISSIUM,Karine Lignel,Venture Capital,Healthcare
TISSIUM,Antoine Papiernik,Venture Capital,Healthcare
Heetch,François Meteyer,Venture Capital,Consumer Products and Services (B2C)
Heetch,Antoine Nussenbaum,Venture Capital,Consumer Products and Services (B2C)
Gens De Confiance,Dominique Vidal,Angel (individual),Business Products and Services (B2B)
Gens De Confiance,Thibaud Elziere,Angel (individual),Business Products and Services (B2B)
ExactCure,Stéphanie Hospital,Venture Capital,Healthcare
TrustInSoft,Michel Kermagoret,Angel (individual),Information Technology
TrustInSoft,Nat Burgess,Angel (individual),Information Technology
Acticor Biotech,Antoine Lindrec,Angel (individual),Healthcare
Acticor Biotech,Leila Nicolas,Venture Capital,Healthcare
Acticor Biotech,Catherine Boule,Venture Capital,Healthcare
Acticor Biotech,Alain Parthoens,Venture Capital,Healthcare
Acticor Biotech,Pierre-Antoine Rohr-Lacoste,Angel (individual),Healthcare
Acticor Biotech,Elizaveta Rozhdestvenskaya,Venture Capital,Healthcare
Acticor Biotech,Romain Fau,Angel (individual),Healthcare
Acticor Biotech,Sylvain Zimmer,Angel (individual),Healthcare
Gyrolift,Alexis Menard,Venture Capital,Healthcare
Hivebrite,Edward Filippi,Angel (individual),Information Technology
Izicap,David Manjarres,Venture Capital,Information Technology
Fermat,Paul Maritz,Angel (individual),Information Technology
Flashgap,Marc Sounigo,Angel (individual),Information Technology
Brut.,Aryeh Bourkoff,Angel (individual),Consumer Products and Services (B2C)
Brut.,Emmanuel Seuge,Venture Capital,Consumer Products and Services (B2C)
Brut.,Eric Zinterhofer,Angel (individual),Consumer Products and Services (B2C)
Brut.,Xavier Niel,Angel (individual),Consumer Products and Services (B2C)
Impala,Frédéric Picq,Angel (individual),Information Technology
Impala,Patrick Malka,Venture Capital,Information Technology
Impala,Pierre-Olivier Desaulle,Angel (individual),Information Technology
Impala,Tony Jamous,Angel (individual),Information Technology
Happn,Charles Letourneur,Venture Capital,Information Technology
Happn,Nenad Marovac,Venture Capital,Information Technology
Happn,Güimar Sittic,Angel (individual),Information Technology
Happn,Josef Feldman,Angel (individual),Information Technology
DooH it,Nizar Dahman,Venture Capital,Business Products and Services (B2B)
Shadow (Application Software),Nopporn Suppipat,Angel (individual),Information Technology
Welcome to the Jungle,Jean-Paul Guisset,Angel (individual),Business Products and Services (B2B)
Welcome to the Jungle,Guillaume Meulle,Venture Capital,Business Products and Services (B2B)
Madbox,François Meteyer,Venture Capital,Information Technology
Eldo (Media and Information Services),Alexandre Ricardo,Angel (individual),Business Products and Services (B2B)
Revers.io,Romain Vidal,Venture Capital,Information Technology
Qonto,Guillaume Aubin,Venture Capital,Information Technology
TIPTOE,Antoine Fine,Venture Capital,Consumer Products and Services (B2C)
Uptime (Electronic Equipment and Instruments),Antoine Martin,Angel (individual),Information Technology
Uptime (Electronic Equipment and Instruments),David Amsellem,Angel (individual),Information Technology
Uptime (Electronic Equipment and Instruments),Jacques-Antoine Granjon,Angel (individual),Information Technology
Uptime (Electronic Equipment and Instruments),Quentin de Metz,Angel (individual),Information Technology
Uptime (Electronic Equipment and Instruments),Yvan Wibaux,Angel (individual),Information Technology
Cleany,Guillaume Lestrade,Angel (individual),Business Products and Services (B2B)
i-SEP,Leila Nicolas,Venture Capital,Healthcare
Media Musketeers,Julien Delajoux,Venture Capital,Financial Services
Hysope,Constantin Wolfrom,Angel (individual),Consumer Products and Services (B2C)
Spaycial,Didier Seillier,Angel (individual),Business Products and Services (B2B)
Spaycial,Cédric Favier,Venture Capital,Business Products and Services (B2B)
nfinite,Julien Leroy,Angel (individual),Information Technology
PacketAI,Jerome Joaug,Venture Capital,Information Technology
ACINQ,Kamel Zeroual,Venture Capital,Information Technology
Goodays,Romain Vidal,Venture Capital,Information Technology
Goodays,Herve Cuviliez,Venture Capital,Information Technology
Goodays,Louis Coppey,Venture Capital,Information Technology
Goodays,Dmitry Chikhachev,Venture Capital,Information Technology
Iziwork,Denis Barrier,Venture Capital,Business Products and Services (B2B)
Incepto,François Robinet,Venture Capital,Healthcare
Incepto,Catherine Boule,Venture Capital,Healthcare
Belive.ai,Stéphane Haudant,Angel (individual),Information Technology
Luna (Restaurants and Bars),Elaine Groenestein,Angel (individual),Consumer Products and Services (B2C)
Luna (Restaurants and Bars),Jorg Mohaupt,Angel (individual),Consumer Products and Services (B2C)
Luna (Restaurants and Bars),Julie Pellet,Angel (individual),Consumer Products and Services (B2C)
Luna (Restaurants and Bars),Oleg Tscheltzoff,Angel (individual),Consumer Products and Services (B2C)
MeilleureCopro,Alexandre Heraud,Venture Capital,Consumer Products and Services (B2C)
Wattsense,Gwenaël Hamon,Venture Capital,Information Technology
AnotherBrain,Pierre-Eric Leibovici,Venture Capital,Information Technology
hemea,Benoit Marrel,Venture Capital,Consumer Products and Services (B2C)
hemea,Pierre-Yves Meerschman,Venture Capital,Consumer Products and Services (B2C)
hemea,Frederic Halley,Angel (individual),Consumer Products and Services (B2C)
Cailabs,Frederic Humbert,Venture Capital,Information Technology
Mycophyto,Dominique Gaillard,Angel (individual),Materials and Resources
Mycophyto,Erik Orsenna,Angel (individual),Materials and Resources
FeetMe,Alain Horvais,Venture Capital,Healthcare
Jenji,Mathieu Viallard,Venture Capital,Information Technology
BrainEver,Chahra Louafi,Venture Capital,Healthcare
Groover,Jean-François Camilleri,Angel (individual),Business Products and Services (B2B)
Groover,Yann Miossec,Angel (individual),Business Products and Services (B2B)
Scintil Photonics,Vincent Deltrieu,Venture Capital,Information Technology
Scintil Photonics,Damien Bretegnier,Venture Capital,Information Technology
Fifty,Olivier Sibony,Angel (individual),Information Technology
Fifty,Romain Niccoli,Angel (individual),Information Technology
Fifty,Steve Fiehl,Angel (individual),Information Technology
Luxurynsight,Catherine Aymard Yu,Angel (individual),Information Technology
Luxurynsight,Christian Blanckaert,Angel (individual),Information Technology
Luxurynsight,Isabelle Gex,Angel (individual),Information Technology
Avicenna.Ai,Vincent Deltrieu,Venture Capital,Healthcare
Bim (Social/Platform Software),Stéphanie Hospital,Venture Capital,Information Technology
Akeneo,Guillaume Aubin,Venture Capital,Information Technology
Akeneo,Reza Malekzadeh,Venture Capital,Information Technology
Akeneo,Stephan Dietrich,Angel (individual),Information Technology
Algama,Regina Hecker,Venture Capital,Consumer Products and Services (B2C)
Fonto De Vivo,Herve Bachelot Lallier,Venture Capital,Business Products and Services (B2B)
Livestorm,Cyril Guenoun,Venture Capital,Information Technology
Livestorm,Eduardo Ronzano,Angel (individual),Information Technology
Livestorm,Thibaud Elziere,Angel (individual),Information Technology
JobTeaser,Rodolphe Menegaux,Venture Capital,Consumer Products and Services (B2C)
JobTeaser,Stanislas Laurent,Venture Capital,Consumer Products and Services (B2C)
Diabeloop,Aymar Henin,Angel (individual),Healthcare
Diabeloop,Francois Miceli,Venture Capital,Healthcare
Diabeloop,Celia Hart,Venture Capital,Healthcare
Diota,Stéphane Simoncini,Venture Capital,Information Technology
Guardtex,Philippe Renaudin,Venture Capital,Materials and Resources
Guardtex,Stephane Lefevre-Sauli,Venture Capital,Materials and Resources
Keranova,Celia Hart,Venture Capital,Healthcare
Trustpair,Mathieu Viallard,Venture Capital,Information Technology
Trustpair,Benoit Marrel,Venture Capital,Information Technology
Wizaplace,Julien Coulon,Venture Capital,Information Technology
Wizaplace,Justin Ziegler,Venture Capital,Information Technology
PathoQuest,Thierry Laugel,Venture Capital,Healthcare
Ysopia Bioscience,Isabelle de Cremoux,Venture Capital,Healthcare
Robocath,Bruno Guicheux,Venture Capital,Healthcare
Vivoka,Eric Denoyer,Angel (individual),Information Technology
Vivoka,Gilles Caumont,Angel (individual),Information Technology
Vivoka,Laurent Rouach,Angel (individual),Information Technology
Heuritech,Coralie de Fontenay,Angel (individual),Information Technology
Heuritech,Armelle de Tinguy,Venture Capital,Information Technology
Heuritech,Pierre Denis,Angel (individual),Information Technology
Combo,Gilbert Saada,Angel (individual),Information Technology
Flowlity,Thomas Wilke,Venture Capital,Information Technology
Hidden Market,Chantal Baudron,Angel (individual),Business Products and Services (B2B)
Nannybag,Jean-Romain Lhomme,Angel (individual),Consumer Products and Services (B2C)
uTip,Sylvain Eche,Angel (individual),Business Products and Services (B2B)
uTip,Thomas Rebaud,Angel (individual),Business Products and Services (B2B)
Fermat,Paul Maritz,Angel (individual),Information Technology
Manager.one,Alain Krzentowski,Angel (individual),Information Technology
Manager.one,Didier Rosenberg,Angel (individual),Information Technology
Manager.one,Jean-Pierre Valentini,Angel (individual),Information Technology
Manager.one,Laurent Dassault,Angel (individual),Information Technology
Manager.one,Michael Benabou,Angel (individual),Information Technology
Pulp (Business/Productivity Software),Nicolas Sireyjol,Angel (individual),Information Technology
Pulp (Business/Productivity Software),Thierry Lernon,Angel (individual),Information Technology
SimpliField,Romain Vidal,Venture Capital,Information Technology
SimpliField,Dmitry Chikhachev,Venture Capital,Information Technology
Stations-e,François Paulus,Venture Capital,Consumer Products and Services (B2C)
Amolyt Pharma,Felice Weegen,Venture Capital,Healthcare
Amolyt Pharma,Thierry Laugel,Venture Capital,Healthcare
Amolyt Pharma,Meredith Fisher,Venture Capital,Healthcare
Amolyt Pharma,Iyona Rajkomar,Venture Capital,Healthcare
MyPangee,Thierry Roussel,Angel (individual),Information Technology
Sevessence,Charles-Antoine Morand,Venture Capital,Consumer Products and Services (B2C)
Digifood,Jérôme Rayet,Venture Capital,Consumer Products and Services (B2C)
Spendesk,Dominique Vidal,Venture Capital,Information Technology
Spendesk,Julien Romanetto,Angel (individual),Information Technology
Spendesk,Thibaud Elziere,Angel (individual),Information Technology
Klarys,Pascal Widmer,Venture Capital,Business Products and Services (B2B)
Klarys,Marion Chanéac,Venture Capital,Business Products and Services (B2B)
Klarys,Denis leannec,Angel (individual),Business Products and Services (B2B)
Klarys,Marc Fournier,Venture Capital,Business Products and Services (B2B)
Osmosun,Herve Bachelot Lallier,Venture Capital,Business Products and Services (B2B)
Weenat,Didier Rousseau,Venture Capital,Information Technology
VitaDX,Sebastien Descarpentries,Venture Capital,Healthcare
VitaDX,Leila Nicolas,Venture Capital,Healthcare
Case Law Analytics,Benoît Georis,Venture Capital,Information Technology
Epsor,Antoine de Rochefort,Angel (individual),Financial Services
Epsor,Didier Valet,Angel (individual),Financial Services
Epsor,Alison Imbert,Venture Capital,Financial Services
Pubstack,Alexei Chemenda,Angel (individual),Information Technology
Pubstack,Xavier Niel,Venture Capital,Information Technology
Pubstack,Marc Pfohl,Angel (individual),Information Technology
Pubstack,Romain Niccoli,Angel (individual),Information Technology
Aryballe,Catherine Dunand,Angel (individual),Information Technology
Aryballe,Vincent Deltrieu,Angel (individual),Information Technology
Microphyt,Denis Lucquin,Venture Capital,Healthcare
Million Victories,Luc Romano,Angel (individual),Information Technology
Million Victories,Thibaut Hanin,Angel (individual),Information Technology
Karamel (Information Services),Oleg Tscheltzoff,Angel (individual),Consumer Products and Services (B2C)
Karamel (Information Services),Thibaud Elziere,Angel (individual),Consumer Products and Services (B2C)
Cubyn,Romain Lavault,Venture Capital,Business Products and Services (B2B)
Joko,Alison Imbert,Venture Capital,Information Technology
Ulysse,Alexis Bonillo,Angel (individual),Consumer Products and Services (B2C)
Ulysse,Antoine Martin,Angel (individual),Consumer Products and Services (B2C)
Ulysse,Olivier Roche,Angel (individual),Consumer Products and Services (B2C)
Ulysse,Xavier Niel,Angel (individual),Consumer Products and Services (B2C)
HostnFly,Antoine Freysz,Venture Capital,Business Products and Services (B2B)
HostnFly,Alison Imbert,Venture Capital,Business Products and Services (B2B)
Hyperedge Instruments,Duncan Clark,Angel (individual),Healthcare
Hyperedge Instruments,Cyril Reinhard,Venture Capital,Healthcare
Mad-Up,Anjou Primage,Angel (individual),Healthcare
Molotov,Colette Ballou,Angel (individual),Consumer Products and Services (B2C)
Molotov,Marc Ménasé,Angel (individual),Consumer Products and Services (B2C)
Sharegroop,Bozena Adamczyk,Venture Capital,Information Technology
Smartrenting,Alexandre Heraud,Venture Capital,Consumer Products and Services (B2C)
Smartrenting,Rodrigo Schulz,Venture Capital,Consumer Products and Services (B2C)
Smartrenting,Sylvain Zimmer,Angel (individual),Consumer Products and Services (B2C)
mobile.club,Alexis Bonillo,Angel (individual),Consumer Products and Services (B2C)
mobile.club,Antoine Martin,Angel (individual),Consumer Products and Services (B2C)
mobile.club,Edouard Petit,Angel (individual),Consumer Products and Services (B2C)
mobile.club,Frédéric Bouleuc,Angel (individual),Consumer Products and Services (B2C)
mobile.club,Romain Peugeot,Angel (individual),Consumer Products and Services (B2C)
mobile.club,Samuel Guez,Angel (individual),Consumer Products and Services (B2C)
mobile.club,Thomas de la Villejegu,Angel (individual),Consumer Products and Services (B2C)
MyTraffic,Alain Thibault,Angel (individual),Business Products and Services (B2B)
MyTraffic,Clément Buyse,Angel (individual),Business Products and Services (B2B)
CleverConnect,Patrice Hutin,Venture Capital,Business Products and Services (B2B)
Kardinal,Aurélien de Meaux,Angel (individual),Information Technology
Kardinal,Bertrand Diard,Angel (individual),Information Technology
Kardinal,Bruno Scherrer,Angel (individual),Information Technology
Kardinal,Christophe Chausson,Angel (individual),Information Technology
Kardinal,David Binks,Angel (individual),Information Technology
Kardinal,Pascal Boris,Angel (individual),Information Technology
Cozycozy,Pierre-Yves Meerschman,Venture Capital,Consumer Products and Services (B2C)
Cozycozy,Eduardo Ronzano,Angel (individual),Consumer Products and Services (B2C)
Cozycozy,Guillaume Lestrade,Angel (individual),Consumer Products and Services (B2C)
Cozycozy,Thibaud Elziere,Angel (individual),Consumer Products and Services (B2C)
Cozycozy,Xavier Niel,Angel (individual),Consumer Products and Services (B2C)
Dilepix,Christophe Duhamel,Angel (individual),Information Technology
Dilepix,Benoît Georis,Venture Capital,Information Technology
Dilepix,Eric Lalardie,Angel (individual),Information Technology
Dilepix,Laurent Kott,Venture Capital,Information Technology
Dilepix,Stephane Lefevre-Sauli,Venture Capital,Information Technology
PM2,François Meteyer,Venture Capital,Information Technology
PM2,Dmitry Chikhachev,Venture Capital,Information Technology
Bleckwen,Matthew Knowles,Venture Capital,Information Technology
Ieva Group,Stéphane Simoncini,Venture Capital,Consumer Products and Services (B2C)
Teo (Healthcare Technology Systems),Bertrand Quenot,Angel (individual),Healthcare
Esports Virtual Arenas,Matthieu Dallon,Venture Capital,Consumer Products and Services (B2C)
WIZZCAD,Sebastian von Ribbentrop,Venture Capital,Business Products and Services (B2B)
Jolimoi,Marc Menasé,Venture Capital,Consumer Products and Services (B2C)
Ekim,Pierre-Eric Leibovici,Venture Capital,Information Technology
Ekim,Romain Lavault,Venture Capital,Information Technology
Ekim,Olivier Sibony,Venture Capital,Information Technology
HAVR,Ronan Denoual,Angel (individual),Consumer Products and Services (B2C)
MagicStay,Florent Guillermain,Angel (individual),Consumer Products and Services (B2C)
MagicStay,Jérôme Patenotte,Angel (individual),Consumer Products and Services (B2C)
MagicStay,Rodolphe Besserve,Angel (individual),Consumer Products and Services (B2C)
MagicStay,Sophie Mesnier- Teissedre,Angel (individual),Consumer Products and Services (B2C)
Mojo (Diagnostic Equipment),Tatiana Shalalvand,Venture Capital,Healthcare
Mojo (Diagnostic Equipment),Josefin Landgård,Angel (individual),Healthcare
Mojo (Diagnostic Equipment),Karl Hampus Jakobsson,Angel (individual),Healthcare
Mojo (Diagnostic Equipment),Lucian Wagner,Venture Capital,Healthcare
PayFit,Bruno Raillard,Venture Capital,Information Technology
PayFit,Xavier Niel,Angel (individual),Information Technology
Iktos,Dominique Ferst,Angel (individual),Healthcare
Pili,Franck Lescure,Venture Capital,Materials and Resources
Metron,CJ Hersh,Angel (individual),Information Technology
Metron,Daniel Chen,Angel (individual),Information Technology
Metron,Jason Khalipa,Angel (individual),Information Technology
Worldia,Clara Audry,Venture Capital,Consumer Products and Services (B2C)
Worldia,Antoine Boulin,Venture Capital,Consumer Products and Services (B2C)
Indy,Bartosz Jakubowski,Venture Capital,Information Technology
Indy,Antoine Freysz,Venture Capital,Information Technology
Interima,Marie Ekeland,Venture Capital,Information Technology
Interima,Marc Simoncini,Venture Capital,Information Technology
Tridek-One,Alain Huriez,Venture Capital,Healthcare
Tridek-One,Rajesh Parekh,Venture Capital,Healthcare
Artifakt,Dominique Vidal,Angel (individual),Information Technology
Artifakt,Eduardo Ronzano,Angel (individual),Information Technology
Artifakt,Julien Lemoine,Angel (individual),Information Technology
Artifakt,Renaud Visage,Angel (individual),Information Technology
Artifakt,Romain Niccoli,Angel (individual),Information Technology
Wenabi,Renaud Guillerm,Venture Capital,Information Technology
Emprunte Mon Toutou,Renaud Guillerm,Venture Capital,Consumer Products and Services (B2C)
Luko,Stefan Klestil,Venture Capital,Financial Services
LXRepair,Celia Hart,Venture Capital,Healthcare
Mindsay,Alison Imbert,Venture Capital,Information Technology
Mindsay,Matthieu Lattes,Venture Capital,Information Technology
Domain Therapeutics,Sebastien Groyer,Venture Capital,Healthcare
Pixpay,Alexandre Prot,Angel (individual),Information Technology
Pixpay,Frank Le Ouay,Angel (individual),Information Technology
Pixpay,Hugues de Braucourt,Venture Capital,Information Technology
Pixpay,Hugues Le Bret,Angel (individual),Information Technology
Pixpay,Jean-Charles Samuelian-Werve,Angel (individual),Information Technology
Pixpay,Martial Valery,Angel (individual),Information Technology
SoCloz,Rodolphe Menegaux,Venture Capital,Business Products and Services (B2B)
Jam (Communication Software),Cyril Vermeulen,Angel (individual),Information Technology
Jam (Communication Software),Pierre Kosciusko Morizet,Angel (individual),Information Technology
Sim&Cure,Samantha Jérusalmy,Venture Capital,Healthcare
Toosla,Charles-Antoine Morand,Venture Capital,Consumer Products and Services (B2C)
Fraîche Cancan,Jérôme Rayet,Venture Capital,Consumer Products and Services (B2C)
Peas&Love,Antoine Fine,Venture Capital,Materials and Resources
Treefrog Therapeutics,Guilhem De Vregille,Venture Capital,Healthcare
Brigad,Alexei Chemenda,Angel (individual),Business Products and Services (B2B)
Brigad,Herve Cuviliez,Venture Capital,Business Products and Services (B2B)
Brigad,Jérôme Caille,Angel (individual),Business Products and Services (B2B)
Chaintrust,Eduardo Ronzano,Angel (individual),Information Technology
Chaintrust,Frédéric Montagnon,Angel (individual),Information Technology
Chaintrust,Julien Romanetto,Angel (individual),Information Technology
Chaintrust,Nicolas Steegmann,Angel (individual),Information Technology
Lifen,Marie Ekeland,Venture Capital,Healthcare
Lifen,Jean-Marc Patouillaud,Venture Capital,Healthcare
Choose,Ilias Hicham,Angel (individual),Consumer Products and Services (B2C)
FretLink,Maximilien Bacot,Venture Capital,Business Products and Services (B2B)
FretLink,Willy Braun,Venture Capital,Business Products and Services (B2B)
FretLink,Samantha Jérusalmy,Venture Capital,Business Products and Services (B2B)
FretLink,Fabrice Grinda,Angel (individual),Business Products and Services (B2B)
FretLink,Alexandre Azoulay,Venture Capital,Business Products and Services (B2B)
Keen Eye,Raissa Brian,Venture Capital,Healthcare
Clevy,Christophe Chausson,Angel (individual),Information Technology
Clevy,Grégoire Boutin,Angel (individual),Information Technology
Algar,Bertrand Quenot,Angel (individual),Consumer Products and Services (B2C)
Algar,Eric Larchevêque,Angel (individual),Consumer Products and Services (B2C)
Kairos Fire,François Meteyer,Venture Capital,Information Technology
Kyotherm,Laurent Hautefeuille,Angel (individual),Financial Services
Wistiki,Alexis Richard,Angel (individual),Consumer Products and Services (B2C)
Wistiki,Georges Dazy,Angel (individual),Consumer Products and Services (B2C)
Wistiki,Jean De La Rochebrochard,Angel (individual),Consumer Products and Services (B2C)
Wistiki,Julien Herment,Angel (individual),Consumer Products and Services (B2C)
Wistiki,Jean De La Rochebrochard,Venture Capital,Consumer Products and Services (B2C)
Wistiki,Vincent Colegrave,Angel (individual),Consumer Products and Services (B2C)
WeMaintain,Michael Benabou,Angel (individual),Business Products and Services (B2B)
Bankin',Didier Kuhn,Angel (individual),Information Technology
Bankin',Simon Dawlat,Angel (individual),Information Technology
Remedee Labs,Emmanuel Coquoin,Venture Capital,Healthcare
Remedee Labs,Alexis Houssou,Venture Capital,Healthcare
Remedee Labs,Boris Golden,Venture Capital,Healthcare
Visible Patient,Clement Combal,Venture Capital,Healthcare
360Learning,Daniel Caclin,Venture Capital,Information Technology
360Learning,Jean-David Chamboredon,Venture Capital,Information Technology
Alsid,Alexandre Mordacq,Venture Capital,Information Technology
Fermat,Paul Maritz,Angel (individual),Information Technology
Simundia,Xavier Niel,Venture Capital,Business Products and Services (B2B)
Unkle,Adrien Ledoux,Angel (individual),Consumer Products and Services (B2C)
Coinhouse,Eric Larchevêque,Angel (individual),Financial Services
Coinhouse,Alexandre Azoulay,Venture Capital,Financial Services
Devialet,Bernard Arnault,Venture Capital,Consumer Products and Services (B2C)
Devialet,Jean-Francois Baril,Venture Capital,Consumer Products and Services (B2C)
Devialet,Fleur Pellerin,Venture Capital,Consumer Products and Services (B2C)
Myre,Jean Peyrelevade,Angel (individual),Information Technology
xMotion,Gerod Carfantan,Venture Capital,Information Technology
Nestwave,Nicolas Boulay,Venture Capital,Information Technology
Nestwave,Simon Alexandre,Venture Capital,Information Technology
Lemonway,Benoit Marrel,Venture Capital,Financial Services
Lemonway,Guzel Gumerova,Venture Capital,Financial Services
ManoMano,Philippe Collombel,Venture Capital,Consumer Products and Services (B2C)
Smartpush,Bernard Roques,Venture Capital,Business Products and Services (B2B)
Frichti,Guillaume Aubin,Venture Capital,Consumer Products and Services (B2C)
Magic Makers,Marie-Christine Levet,Venture Capital,Consumer Products and Services (B2C)
Magic Makers,Jean De La Rochebrochard,Venture Capital,Consumer Products and Services (B2C)
Aledia,Jiong Ma,Venture Capital,Information Technology
SeqOne,Marc Rougier,Venture Capital,Healthcare
World Gaming Federation,Mamadou Sakho,Angel (individual),Information Technology
Sport Faction,Guillaume Lautour,Venture Capital,Business Products and Services (B2B)
Igyxos Biotherapeutics,Herve Bachelot Lallier,Venture Capital,Healthcare
Igyxos Biotherapeutics,Jean-Briac Lesne,Venture Capital,Healthcare
Doctolib,Philippe Botteri,Venture Capital,Healthcare
PandaScore,François Meteyer,Venture Capital,Information Technology
SpaceFill,Pietro Invernizzi,Angel (individual),Information Technology
SpaceFill,Xavier Niel,Angel (individual),Information Technology
Feed.,Rodolphe Menegaux,Venture Capital,Consumer Products and Services (B2C)
Yukin Therapeutics,Matthieu Coutet,Venture Capital,Healthcare
Implicity,Baudouin Hue,Venture Capital,Healthcare
Implicity,Guillaume Meulle,Venture Capital,Healthcare
Kazaden,Renaud Guillerm,Venture Capital,Consumer Products and Services (B2C)
IPaidThat,Bernard Roques,Venture Capital,Information Technology
Homeland,Augustin Sayer,Venture Capital,Information Technology
Brandquad,Anatoly Mitroshin,Angel (individual),Information Technology
Brandquad,Ilya Korolev,Venture Capital,Information Technology
Mirakl,Laurel Bowden,Venture Capital,Information Technology
Mirakl,Scott Friend,Venture Capital,Information Technology
Mirakl,Xavier Lazarus,Venture Capital,Information Technology
Mirakl,Frederic Court,Venture Capital,Information Technology
Shift Technology,Sonali De Rycker,Venture Capital,Information Technology
Shift Technology,Victor Briançon-Marjollet,Venture Capital,Information Technology
Diam Concept,Céline Lippi,Venture Capital,Consumer Products and Services (B2C)
Primo1D,Nicolas Boulay,Venture Capital,Information Technology
Botify,Claire Houry,Venture Capital,Information Technology
Energic,Damien Deleplanque,Angel (individual),Information Technology
Energic,Marc Reneaume,Angel (individual),Information Technology
Thegreendata,Didier Rousseau,Angel (individual),Information Technology
Alma (Financial Software),Geoffroy Roux de Bézieux,Angel (individual),Information Technology
Alma (Financial Software),Pierre Kosciusko Morizet,Angel (individual),Information Technology
Alan,Thomas Stafford,Venture Capital,Financial Services
Metronaut,Nobuyuki Idei,Angel (individual),Information Technology
Metronaut,Stéphanie Hospital,Venture Capital,Information Technology
Metronaut,Sophie Gasperment,Angel (individual),Information Technology
Metronaut,Thibault Viort,Angel (individual),Information Technology
Metronaut,Yann Le Cun,Angel (individual),Information Technology
Genymobile,Ryan Cook,Angel (individual),Information Technology
Alpha Anomeric,Rajesh Parekh,Venture Capital,Healthcare
Malt,Jean-David Chamboredon,Venture Capital,Business Products and Services (B2B)
Malt,Marc Fournier,Venture Capital,Business Products and Services (B2B)
Afyren,Michael Krel,Venture Capital,Healthcare
Ambler (Healthcare Services),Arthur Waller,Angel (individual),Healthcare
Ambler (Healthcare Services),Xavier Niel,Venture Capital,Healthcare
Ambler (Healthcare Services),Nicolas Douay,Angel (individual),Healthcare
Ambler (Healthcare Services),Alison Imbert,Venture Capital,Healthcare
Ambler (Healthcare Services),Tancrède Besnard,Angel (individual),Healthcare
Deepomatic,François Meteyer,Venture Capital,Information Technology
Deepomatic,Bertrand Diard,Angel (individual),Information Technology
Deepomatic,Dominique Vidal,Angel (individual),Information Technology
Pretto,Charles Letourneur,Venture Capital,Information Technology
Pretto,Christophe Cremer,Angel (individual),Information Technology
Pretto,Hugues Le Bret,Angel (individual),Information Technology
Pretto,Pierre Kosciusko Morizet,Venture Capital,Information Technology
Pretto,Pierre Kosciusko Morizet,Angel (individual),Information Technology
Graftys,Frederic Convent,Venture Capital,Healthcare
Ovrsea,Eduardo Ronzano,Angel (individual),Information Technology
Ovrsea,Thibaud Elziere,Angel (individual),Information Technology
Osivax,Cedric Delorme,Angel (individual),Healthcare
Osivax,Hugues Wallemacq,Venture Capital,Healthcare
EkWateur,Olivier Brourhant,Venture Capital,Energy
EkWateur,Jean-Marc Bally,Venture Capital,Energy
Zenpark,André Raoul,Venture Capital,Consumer Products and Services (B2C)
ContentSquare,Michael Gilroy,Venture Capital,Information Technology
ContentSquare,Anthony Zappalà,Venture Capital,Information Technology
OpenHealth Company,Valéry Huot,Venture Capital,Healthcare
Swile,Martin Mignot,Venture Capital,Financial Services
ClickOn (Business/Productivity Software),Dmitry Chikhachev,Venture Capital,Information Technology
Teach on Mars,Marie Fauré Lambert,Venture Capital,Information Technology
Zoov,Pascal Cagni,Venture Capital,Consumer Products and Services (B2C)
Zoov,Willy Braun,Venture Capital,Consumer Products and Services (B2C)
Zoov,Patrice Crisinel,Venture Capital,Consumer Products and Services (B2C)
Induo,Charles-Antoine Morand,Venture Capital,Consumer Products and Services (B2C)
Singulart,Chantal Baudron,Angel (individual),Consumer Products and Services (B2C)
Leavy.co,Dominique Vidal,Angel (individual),Consumer Products and Services (B2C)
Leavy.co,Pieter Welten,Venture Capital,Consumer Products and Services (B2C)
Syntony GNSS,Antoine Jouin,Angel (individual),Information Technology
Addworking,Jean-Michel Aulas,Angel (individual),Information Technology
Addworking,Patrice Thiry,Angel (individual),Information Technology
Addworking,Patrick Bertrand,Angel (individual),Information Technology
HighLife,Jose Gordo,Angel (individual),Healthcare
HighLife,Marc-André Marcotte,Venture Capital,Healthcare
HighLife,Antoine Papiernik,Venture Capital,Healthcare
HighLife,Casey Tansey,Venture Capital,Healthcare
TalentSoft,Adam Shepherd,Venture Capital,Information Technology
Ordinal Software,Jean-Marc Bally,Venture Capital,Information Technology
Coinhouse,Shawn Cheng,Venture Capital,Financial Services
Coinhouse,Eric Larchevêque,Angel (individual),Financial Services
Coinhouse,Frédéric Potter,Angel (individual),Financial Services
Coinhouse,Thomas France,Angel (individual),Financial Services
Coinhouse,Alexis du Peloux,Venture Capital,Financial Services
Lucky Cart,Jean-Paul Villot,Angel (individual),Business Products and Services (B2B)
Lucky Cart,Nicolas El Baze,Venture Capital,Business Products and Services (B2B)
Wevat,Andrew Phillipps,Angel (individual),Information Technology
Wevat,David Andrews,Angel (individual),Information Technology
Wevat,Nicholas Wright,Angel (individual),Information Technology
Wevat,William Neale,Angel (individual),Information Technology
Joone,François Meteyer,Venture Capital,Consumer Products and Services (B2C)
La Fourche,Victoire de Lavigne,Venture Capital,Consumer Products and Services (B2C)
La Fourche,Yacine Ghalim,Venture Capital,Consumer Products and Services (B2C)
Nowfashion,Alain Maestracci,Angel (individual),Consumer Products and Services (B2C)
Nowfashion,Francesco Maio,Angel (individual),Consumer Products and Services (B2C)
Nowfashion,Luca Ascani,Angel (individual),Consumer Products and Services (B2C)
PK MED,Philippe Pouletty,Venture Capital,Healthcare
Quidli,Gabriel Anderson,Venture Capital,Financial Services
Sabella,Jérôme Guéret,Venture Capital,Energy
My-Serious-Game,Alexis Menard,Venture Capital,Business Products and Services (B2B)
Les Cachotières,Herve Cuviliez,Venture Capital,Consumer Products and Services (B2C)
Make.org,Stéphanie Hospital,Venture Capital,Consumer Products and Services (B2C)
QOS Energy,Fabrice Bienfait,Venture Capital,Information Technology
QOS Energy,Jérôme Guéret,Venture Capital,Information Technology
Akeneo,Guillaume Aubin,Venture Capital,Information Technology
Akeneo,Stephan Dietrich,Angel (individual),Information Technology
Genoscience Pharma,Alain Azan,Angel (individual),Healthcare
Akeytsu,Alexandre Jenny,Angel (individual),Information Technology
Akeytsu,Rémi Berthier,Venture Capital,Information Technology
Loopsider,Bernard Mourad,Angel (individual),Consumer Products and Services (B2C)
Loopsider,Franck Papazian,Angel (individual),Consumer Products and Services (B2C)
Loopsider,Stéphanie Hospital,Venture Capital,Consumer Products and Services (B2C)
Red Electric,André Raoul,Venture Capital,Consumer Products and Services (B2C)
Tracktor,Marc Laurent,Venture Capital,Information Technology
Tracktor,Xavier Niel,Venture Capital,Information Technology
Tracktor,Pascal Casanova,Angel (individual),Information Technology
Tracktor,Pierre Kosciusko Morizet,Angel (individual),Information Technology
Édifice,Litzie Maarek,Venture Capital,Information Technology
Lunii,Xavier Court,Angel (individual),Consumer Products and Services (B2C)
Adionics,Daniel Le Gal,Angel (individual),Business Products and Services (B2B)
Adionics,François Breniaux,Venture Capital,Business Products and Services (B2B)
Step Pharma,Vanessa Malier,Venture Capital,Healthcare
Step Pharma,Ohad Hammer,Venture Capital,Healthcare
Majelan,Fabrice Larue,Angel (individual),Information Technology
Majelan,Jacques Veyrat,Angel (individual),Information Technology
Majelan,Xavier Niel,Angel (individual),Information Technology
TeamBrain,Renaud Guillerm,Venture Capital,Information Technology
Advae,Jean-Marc Bally,Venture Capital,Information Technology
Advae,Laurent Dumas-Crouzillac,Venture Capital,Information Technology
Advae,Denis Barrier,Venture Capital,Information Technology
Advae,Benedict Tompkins,Venture Capital,Information Technology
Expensya,Thierry Vandewalle,Venture Capital,Information Technology
Expensya,Ludovic Denis,Venture Capital,Information Technology
Carthera,Diana Saraceni,Venture Capital,Healthcare
Carthera,Celia Hart,Venture Capital,Healthcare
Antidot,Karine Lignel,Venture Capital,Information Technology
Antidot,Claire Houry,Venture Capital,Information Technology
Elwin (Financial Software),Damien Vincent,Angel (individual),Information Technology
Elwin (Financial Software),Frederic Rombaut,Angel (individual),Information Technology
Elwin (Financial Software),Guillaume Amblard,Angel (individual),Information Technology
Elwin (Financial Software),Michel Larroche,Angel (individual),Information Technology
Elwin (Financial Software),Pascal Boris,Angel (individual),Information Technology
Elwin (Financial Software),Yves Padrines,Angel (individual),Information Technology
Medylink,Daniel Calle,Angel (individual),Healthcare
Medylink,Yves Journel,Venture Capital,Healthcare
Cocoom,Patrick Bertrand,Angel (individual),Information Technology
Agricool,Pierre-Eric Leibovici,Venture Capital,Materials and Resources
Agricool,Solomon Hykes,Angel (individual),Materials and Resources
Panapop,Juan Roig,Angel (individual),Consumer Products and Services (B2C)
Happytal,François Robinet,Venture Capital,Healthcare
Happytal,Jean-Marc Patouillaud,Venture Capital,Healthcare
Happytal,Patrice Thiry,Angel (individual),Healthcare
InnovaFeed,Emmanuel Butstraen,Angel (individual),Healthcare
InnovaFeed,Frédéric Jousset,Angel (individual),Healthcare
InnovaFeed,Jean-Pierre Princen,Angel (individual),Healthcare
InnovaFeed,Marc-Antoine de Longevialle,Angel (individual),Healthcare
InnovaFeed,Matthieu Pélissié,Angel (individual),Healthcare
InnovaFeed,Rodolphe Carle,Angel (individual),Healthcare
InnovaFeed,Sébastien Breteau,Angel (individual),Healthcare
Inqom,Alexandre Azoulay,Venture Capital,Information Technology
Woleet,Stéphanie Hospital,Venture Capital,Information Technology
Homerez,David Roche,Angel (individual),Consumer Products and Services (B2C)
Homerez,Frederic Halley,Angel (individual),Consumer Products and Services (B2C)
Homerez,Nicolas Brumelot,Angel (individual),Consumer Products and Services (B2C)
Homerez,Pablo Szefner,Angel (individual),Consumer Products and Services (B2C)
Homerez,Bruno Rivet,Venture Capital,Consumer Products and Services (B2C)
Team Vitality,Tej Kohli,Angel (individual),Consumer Products and Services (B2C)
Bergamotte,Thibault Lougnon,Angel (individual),Consumer Products and Services (B2C)
Data Impact,Antoine Boulin,Venture Capital,Information Technology
Stilla Technologies,Nicholas Naclerio,Venture Capital,Healthcare
Stilla Technologies,Philippe Peltier,Venture Capital,Healthcare
Melty,Bruno Kemoun,Angel (individual),Consumer Products and Services (B2C)
Melty,Eryck Rebbouh,Angel (individual),Consumer Products and Services (B2C)
Melty,Bruno du Biest,Venture Capital,Consumer Products and Services (B2C)
Melty,Pierre Kosciusko Morizet,Angel (individual),Consumer Products and Services (B2C)
Melty,Sébastien Romelot,Angel (individual),Consumer Products and Services (B2C)
BlaBlaCar,Philippe Botteri,Venture Capital,Consumer Products and Services (B2C)
BlaBlaCar,Dominique Vidal,Venture Capital,Consumer Products and Services (B2C)
ScaleX Invest,Pascal Boris,Angel (individual),Business Products and Services (B2B)
Monemprunt.com,David Leray,Venture Capital,Financial Services
My Jolie Candle,Marc Beffort,Angel (individual),Consumer Products and Services (B2C)
Jobmaker,Alain Rousselin,Angel (individual),Business Products and Services (B2B)
Wizbii,Guillaume Dupont,Venture Capital,Consumer Products and Services (B2C)
Wizbii,Olivier Heckmann,Angel (individual),Consumer Products and Services (B2C)
Wizbii,Romain Vidal,Angel (individual),Consumer Products and Services (B2C)
Wizbii,Véronique Di Benedetto,Angel (individual),Consumer Products and Services (B2C)
Wizbii,Vincent Gentil,Angel (individual),Consumer Products and Services (B2C)
Arianee,Nettra Pan,Angel (individual),Information Technology
Wattsense,Gwenaël Hamon,Venture Capital,Information Technology
Enerbee,Dominique Rencurel,Venture Capital,Energy
Intersec,Guillaume Dhee,Venture Capital,Information Technology
Intersec,Laurence Garrett,Venture Capital,Information Technology
Intersec,Jérôme Faul,Venture Capital,Information Technology
Nachos Mexican Grill,Anthony Arsac,Venture Capital,Consumer Products and Services (B2C)
Braineet,Jacques-Antoine Granjon,Angel (individual),Information Technology
Braineet,Marc Simoncini,Angel (individual),Information Technology
Braineet,Xavier Niel,Angel (individual),Information Technology
Deliver.ee,Alain Sarfati,Angel (individual),Information Technology
Deliver.ee,Alex Roubinet,Angel (individual),Information Technology
Deliver.ee,Charles Dunston,Angel (individual),Information Technology
Deliver.ee,Francois Le Pichon,Angel (individual),Information Technology
Deliver.ee,Raphael Labbe,Angel (individual),Information Technology
iRaiser,Thibaut de Roux,Venture Capital,Information Technology
CybelAngel,Bertrand Diard,Venture Capital,Information Technology
Everoad,Clément Benoit,Angel (individual),Business Products and Services (B2B)
Everoad,Roger Crook,Angel (individual),Business Products and Services (B2B)
Everoad,Romain Afflelou,Angel (individual),Business Products and Services (B2B)
Silicon Mobility,Pascal Vanluchene,Venture Capital,Information Technology
Skello,Gilles Blanchard,Angel (individual),Information Technology
Skello,Guillaume de Ville,Angel (individual),Information Technology
Skello,Jean-Baptiste Rudelle,Angel (individual),Information Technology
Skello,Thomas Landais,Angel (individual),Information Technology
Acorus Networks,Marc Rougier,Venture Capital,Information Technology
Acorus Networks,Reza Malekzadeh,Venture Capital,Information Technology
Lattice Medical,Helene Cannard,Venture Capital,Healthcare
Lattice Medical,Guillaume Bruniaux,Venture Capital,Healthcare
Shopopop,Jérôme Guéret,Venture Capital,Business Products and Services (B2B)
Skinosive,Philippe Pouletty,Venture Capital,Consumer Products and Services (B2C)
Manda,Alison Imbert,Venture Capital,Consumer Products and Services (B2C)
Les Jardins de l'Océan,Thibaut de Roux,Venture Capital,Consumer Products and Services (B2C)
Les Jardins de l'Océan,Guillaume Bruniaux,Venture Capital,Consumer Products and Services (B2C)
PhantomBuster,Stéphanie Hospital,Venture Capital,Information Technology
mobile.club,Jean-Romain Lhomme,Angel (individual),Consumer Products and Services (B2C)
mobile.club,Serge Alleyne,Angel (individual),Consumer Products and Services (B2C)
C4Diagnostics,Sandra Dubos,Venture Capital,Healthcare
Iziwork,Maximilian Bittner,Angel (individual),Business Products and Services (B2B)
Hubware,Renaud Guillerm,Venture Capital,Information Technology
SurfactGreen,Leila Nicolas,Venture Capital,Materials and Resources
Isorg,Somasundaram Subramaniam,Venture Capital,Information Technology
Isorg,Philippe Tabouis,Angel (individual),Information Technology
Arenametrix,Xavier Niel,Venture Capital,Information Technology
Arenametrix,Ivan Michal,Venture Capital,Information Technology
Ciliatech,Isabelle Bou Antoun,Venture Capital,Healthcare
Groupcorner,Guillaume de Marcillac,Angel (individual),Consumer Products and Services (B2C)
Groupcorner,Christophe Raynaud,Venture Capital,Consumer Products and Services (B2C)
Groupcorner,Patrice Thiry,Angel (individual),Consumer Products and Services (B2C)
Groupcorner,Renaud Guillerm,Venture Capital,Consumer Products and Services (B2C)
Coave Therapeutics,Philippe Monteyne,Venture Capital,Healthcare
Coave Therapeutics,Leila Nicolas,Venture Capital,Healthcare
Coave Therapeutics,Thierry Laugel,Venture Capital,Healthcare
Coave Therapeutics,Iyona Rajkomar,Venture Capital,Healthcare
Coave Therapeutics,Willem Broekaert,Venture Capital,Healthcare
Kayrros,Jacobo Abitbol,Venture Capital,Information Technology
Kayrros,Dominique Vidal,Venture Capital,Information Technology
Kayrros,JJ Sendelbach,Angel (individual),Information Technology
Kayrros,Kevin Primat,Angel (individual),Information Technology
Kayrros,Paul Degueuse,Venture Capital,Information Technology
NoMadMusic,Karine Lignel,Venture Capital,Information Technology
NoMadMusic,Renaud Capucon,Angel (individual),Information Technology
Comet,Pierre-Eric Leibovici,Venture Capital,Business Products and Services (B2B)
Comet,Edward Lando,Angel (individual),Business Products and Services (B2B)
Comet,Xavier Niel,Venture Capital,Business Products and Services (B2B)
Bird Office,Clara Audry,Venture Capital,Information Technology
Bird Office,Corinne Leibovitch,Angel (individual),Information Technology
Bird Office,Michael Benabou,Angel (individual),Information Technology
Snapcall,Jean-David Chamboredon,Venture Capital,Information Technology
Advanced Magnetic Interaction,Olivier Huez,Venture Capital,Information Technology
Advanced Magnetic Interaction,Stéphane Simoncini,Venture Capital,Information Technology
Advanced Magnetic Interaction,Romain Lavault,Venture Capital,Information Technology
Archidvisor,Corentin Orsini,Angel (individual),Business Products and Services (B2B)
Archidvisor,Frederic Boyer,Angel (individual),Business Products and Services (B2B)
Archidvisor,Renaud Guillerm,Venture Capital,Business Products and Services (B2B)
Cosmo Tech,Jean-Marc Bally,Venture Capital,Information Technology
Cosmo Tech,Ivo Nemejc,Venture Capital,Information Technology
Manzalab,Marie-Christine Levet,Venture Capital,Information Technology
Salezeo,Cyril Vermeulen,Angel (individual),Information Technology
Salezeo,Grégoire Boutin,Angel (individual),Information Technology
Salezeo,Michel Meyer,Angel (individual),Information Technology
Salezeo,Xavier Gury,Angel (individual),Information Technology
InMemori,Jean-Romain Lhomme,Angel (individual),Consumer Products and Services (B2C)
InMemori,Julien Codorniou,Angel (individual),Consumer Products and Services (B2C)
InMemori,Nadia Nadia,Angel (individual),Consumer Products and Services (B2C)
InMemori,Boris Golden,Venture Capital,Consumer Products and Services (B2C)
InMemori,Xavier Niel,Angel (individual),Consumer Products and Services (B2C)
Planity,Guillaume Aubin,Venture Capital,Consumer Products and Services (B2C)
Shine (Financial Software),Marie Ekeland,Venture Capital,Information Technology
Shine (Financial Software),Edward Zimmerman,Angel (individual),Information Technology
Shine (Financial Software),Gilles Samoun,Angel (individual),Information Technology
Tabesto,Jean-Romain Lhomme,Angel (individual),Information Technology
Tabesto,Ludovic Huraux,Angel (individual),Information Technology
Alphalyr,Bertrand Fredenucci,Venture Capital,Information Technology
Diffusely,Rodolphe Menegaux,Venture Capital,Information Technology
LeCab,Emilie Buttiaux,Venture Capital,Consumer Products and Services (B2C)
Beamy,Christophe Verley,Angel (individual),Information Technology
Beamy,Guy Bodescot,Angel (individual),Information Technology
Beamy,Jérôme Gayet,Angel (individual),Information Technology
Beamy,Mehdi Medjaoui,Angel (individual),Information Technology
Beamy,Pierre-Yves Aubert,Angel (individual),Information Technology
Evaneos,Christophe Raynaud,Angel (individual),Consumer Products and Services (B2C)
Evaneos,Bruno Crémel,Venture Capital,Consumer Products and Services (B2C)
Evaneos,Rodolphe Menegaux,Angel (individual),Consumer Products and Services (B2C)
Evaneos,Nicolas Rose,Venture Capital,Consumer Products and Services (B2C)
The Winkyverse,Bruno Maisonnier,Angel (individual),Information Technology
The Winkyverse,Jérôme Bédier,Angel (individual),Information Technology
The Winkyverse,Michael Ingberg,Angel (individual),Information Technology
AB Tasty,Paul Degueuse,Venture Capital,Information Technology
AB Tasty,Reza Malekzadeh,Venture Capital,Information Technology
Ixaltis,Paolo Siviero,Venture Capital,Healthcare
GitGuardian,Renaud Visage,Angel (individual),Information Technology
GitGuardian,Scott Chacon,Angel (individual),Information Technology
Comwatt,Bertin Nahum,Angel (individual),Energy
Pandacraft,Pauline Roux,Venture Capital,Consumer Products and Services (B2C)
Pandacraft,Herve Cuviliez,Venture Capital,Consumer Products and Services (B2C)
Pandacraft,Herve Cuviliez,Venture Capital,Consumer Products and Services (B2C)
Pandacraft,Thomas Ducrot,Angel (individual),Consumer Products and Services (B2C)
Veesion,Antoine Loison,Venture Capital,Information Technology
Pampa (PIG),Benjamin Netter,Angel (individual),Consumer Products and Services (B2C)
Madbox,François Meteyer,Venture Capital,Information Technology
Mipsology,Guillaume Aubin,Venture Capital,Information Technology
Mipsology,Reza Malekzadeh,Venture Capital,Information Technology
Hapik,Camille Kriebitzsch,Venture Capital,Consumer Products and Services (B2C)
Stanley Robotics,Oussama Ammar,Angel (individual),Information Technology
Linkfluence,Dominique Rencurel,Venture Capital,Information Technology
Dense Fluid Degreasing,Cécile Thebault,Venture Capital,Business Products and Services (B2B)
GEEV,Pierre-Yves Meerschman,Venture Capital,Consumer Products and Services (B2C)
GEEV,Emmanuel Guyot,Angel (individual),Consumer Products and Services (B2C)
MDoloris Medical Systems,Isabelle de Cremoux,Venture Capital,Healthcare
MDoloris Medical Systems,Guillaume Meulle,Venture Capital,Healthcare
NH TherAguix,Celia Hart,Venture Capital,Healthcare
Dynacure,Remi Droller,Venture Capital,Healthcare
Dynacure,Ohad Hammer,Venture Capital,Healthcare
Exotrail,Alexandre Mordacq,Venture Capital,Business Products and Services (B2B)
Exotrail,Armand Thiberge,Angel (individual),Business Products and Services (B2B)
Exotrail,Laurent Grimaldi,Angel (individual),Business Products and Services (B2B)
Exotrail,Maud Thuaudet,Angel (individual),Business Products and Services (B2B)
Exotrail,Michele Franci,Angel (individual),Business Products and Services (B2B)
Exotrail,Yohann Leroy,Angel (individual),Business Products and Services (B2B)
Izicap,David Manjarres,Venture Capital,Information Technology
Bruce,Patrice Hutin,Venture Capital,Business Products and Services (B2B)
Influence4you,Benoît Sillard,Angel (individual),Information Technology
Convelio,Alexandre Berriche,Angel (individual),Business Products and Services (B2B)
Convelio,Bastien Moreau,Angel (individual),Business Products and Services (B2B)
Doctrine,Bruno Raillard,Venture Capital,Information Technology
Doctrine,Pauline Guillonnet,Angel (individual),Information Technology
Doctrine,Pierre Entremont,Angel (individual),Information Technology
Doctrine,Xavier Niel,Angel (individual),Information Technology
Mini World Lyon,Alta Faubourg,Angel (individual),Consumer Products and Services (B2C)
Navily,Guillaume Victor-Thomas,Angel (individual),Consumer Products and Services (B2C)
Navily,Roland Coutas,Angel (individual),Consumer Products and Services (B2C)
Crème de la Crème,Alain Thibaut,Angel (individual),Business Products and Services (B2B)
Crème de la Crème,Loic Le Meur,Angel (individual),Business Products and Services (B2B)
Crosscut,Laurent Dumas-Crouzillac,Venture Capital,Information Technology
Dreem (Clinics/Outpatient Services),Laurent Alexandre,Angel (individual),Healthcare
Dreem (Clinics/Outpatient Services),Xavier Niel,Angel (individual),Healthcare
Oh BiBi,Mattias Ljungman,Venture Capital,Information Technology
Oh BiBi,Paul Degueuse,Venture Capital,Information Technology
Back Market,Antoine Loison,Venture Capital,Consumer Products and Services (B2C)
Back Market,Pierre-Yves Meerschman,Venture Capital,Consumer Products and Services (B2C)
ThrustMe,Laetitia de Cayeux,Angel (individual),Business Products and Services (B2B)
ThrustMe,Helene Huby,Venture Capital,Business Products and Services (B2B)
Feed.,Alexis Bonillo,Angel (individual),Consumer Products and Services (B2C)
Feed.,Rodolphe Menegaux,Venture Capital,Consumer Products and Services (B2C)
Feed.,Antoine Martin,Angel (individual),Consumer Products and Services (B2C)
Feed.,Antoine Fine,Venture Capital,Consumer Products and Services (B2C)
Feed.,Guillaume Gibault,Angel (individual),Consumer Products and Services (B2C)
Feed.,Hubert Patricot,Angel (individual),Consumer Products and Services (B2C)
Onoff Telecom,François Paulus,Venture Capital,Information Technology
Onoff Telecom,Stéphanie Hospital,Venture Capital,Information Technology
Promedeo,Anthony Arsac,Venture Capital,Healthcare
Paytweak,Johann Meynet,Venture Capital,Information Technology
BodyCap,Bruno Guicheux,Venture Capital,Healthcare
PathoQuest,Thierry Laugel,Venture Capital,Healthcare
Hubworkair,Christophe Cador,Angel (individual),Business Products and Services (B2B)
Hubworkair,Christophe Guir,Angel (individual),Business Products and Services (B2B)
Hubworkair,Dominique Gretz,Angel (individual),Business Products and Services (B2B)
Hubworkair,Emanuel Moreau,Angel (individual),Business Products and Services (B2B)
Hubworkair,Fabrice Ebner,Angel (individual),Business Products and Services (B2B)
Hubworkair,Frederic Ulrich,Angel (individual),Business Products and Services (B2B)
Hubworkair,Jean Pierre Bes,Angel (individual),Business Products and Services (B2B)
Hubworkair,Jean-Michel Condamin,Angel (individual),Business Products and Services (B2B)
Hubworkair,Jérôme Cazade,Angel (individual),Business Products and Services (B2B)
Hubworkair,Jos Vanschaik,Angel (individual),Business Products and Services (B2B)
Hubworkair,Matthieu Pihery,Angel (individual),Business Products and Services (B2B)
Hubworkair,Philippe Rochet,Angel (individual),Business Products and Services (B2B)
Hubworkair,Rodolphe Marchais,Angel (individual),Business Products and Services (B2B)
Hubworkair,Samuel Nemoz,Angel (individual),Business Products and Services (B2B)
Hubworkair,Thierry Baux,Angel (individual),Business Products and Services (B2B)
Hubworkair,Yves Jobic,Angel (individual),Business Products and Services (B2B)
Exotec,François Collet,Venture Capital,Information Technology
OliKrom,Emmanuel Gaude,Venture Capital,Materials and Resources
Sensome,Philippe Peltier,Venture Capital,Healthcare
It's my car,Marc Adamowicz,Angel (individual),Business Products and Services (B2B)
It's my car,Olivier Mathiot,Angel (individual),Business Products and Services (B2B)
It's my car,Thierry Petit,Angel (individual),Business Products and Services (B2B)
Invivox,Thierry Vandewalle,Venture Capital,Information Technology
Vect-Horus,Sauveur Cascone,Venture Capital,Healthcare
Goalmap,Evangelos Vatzias,Angel (individual),Business Products and Services (B2B)
Goalmap,Michael Amar,Angel (individual),Business Products and Services (B2B)
Goalmap,Sofiane Ammar,Angel (individual),Business Products and Services (B2B)
ENYO Pharma,Chahra Louafi,Venture Capital,Healthcare
ENYO Pharma,Jason Dinges,Venture Capital,Healthcare
ENYO Pharma,Graziano Seghezzi,Venture Capital,Healthcare
Nabla,Camilla Mazzolini,Venture Capital,Healthcare
Nabla,Yann LeCun,Angel (individual),Healthcare
Nanomakers,François Breniaux,Venture Capital,Materials and Resources
October,Eric Philippon,Angel (individual),Financial Services
October,Philippe Collombel,Venture Capital,Financial Services
PerfectStay,Frederic Court,Venture Capital,Business Products and Services (B2B)
PerfectStay,Philippe Collombel,Venture Capital,Business Products and Services (B2B)
Armis (Business/Productivity Software),Brian O'Kelley,Angel (individual),Information Technology
Armis (Business/Productivity Software),Ashley Silver,Venture Capital,Information Technology
Armis (Business/Productivity Software),Jimmy Anidjar,Angel (individual),Information Technology
Armis (Business/Productivity Software),Michael Rubenstein,Angel (individual),Information Technology
Armis (Business/Productivity Software),Philippe Finkelstein,Angel (individual),Information Technology
Armis (Business/Productivity Software),Pierre Conte,Angel (individual),Information Technology
Armis (Business/Productivity Software),Stanislas Quercize,Angel (individual),Information Technology
Big Mamma,Xavier Niel,Angel (individual),Consumer Products and Services (B2C)
Dolead,Nicolas Rose,Venture Capital,Business Products and Services (B2B)
StarOfService,Marcel Beemsterboer,Angel (individual),Consumer Products and Services (B2C)
StarOfService,Mateusz Romanowski,Angel (individual),Consumer Products and Services (B2C)
Klaxoon,Patrice Hutin,Venture Capital,Information Technology
Klaxoon,Eric Martineau-Fortin,Venture Capital,Information Technology
Uptime (Electronic Equipment and Instruments),Antoine Martin,Angel (individual),Information Technology
Uptime (Electronic Equipment and Instruments),David Amsellem,Angel (individual),Information Technology
Uptime (Electronic Equipment and Instruments),Jacques-Antoine Granjon,Angel (individual),Information Technology
Uptime (Electronic Equipment and Instruments),Jacques-Henri Eyraud,Angel (individual),Information Technology
Uptime (Electronic Equipment and Instruments),Jean De La Rochebrochard,Venture Capital,Information Technology
Uptime (Electronic Equipment and Instruments),Thibaud Elziere,Angel (individual),Information Technology
Uptime (Electronic Equipment and Instruments),Yvan Wibaux,Angel (individual),Information Technology
Swile,Marie Ekeland,Venture Capital,Financial Services
HrFlow.ai,Dominique Vidal,Angel (individual),Business Products and Services (B2B)
HrFlow.ai,Frank Le Ouay,Angel (individual),Business Products and Services (B2B)
HrFlow.ai,Fred Potter,Angel (individual),Business Products and Services (B2B)
HrFlow.ai,Jean-Baptiste Rudelle,Angel (individual),Business Products and Services (B2B)
HrFlow.ai,Romain Niccoli,Angel (individual),Business Products and Services (B2B)
HrFlow.ai,Thibaud Elziere,Angel (individual),Business Products and Services (B2B)
HrFlow.ai,Xavier Niel,Angel (individual),Business Products and Services (B2B)
eLichens,Nicolas Boulay,Venture Capital,Information Technology
Platform.sh,Eric Buatois,Venture Capital,Information Technology
Platform.sh,Reza Malekzadeh,Venture Capital,Information Technology
Tempow,Lars Fjeldsoe-Nielsen,Venture Capital,Information Technology
Tempow,Olivier Huez,Venture Capital,Information Technology
Tempow,Lars Fjeldsoe-Nielsen,Angel (individual),Information Technology
365Talents,Audrey Soussan,Venture Capital,Information Technology
Choose,Didier Kuhn,Angel (individual),Consumer Products and Services (B2C)
Ekim,Romain Lavault,Venture Capital,Information Technology
La Belle Vie,Julien Mangeard,Angel (individual),Consumer Products and Services (B2C)
La Belle Vie,Louis Duclert,Angel (individual),Consumer Products and Services (B2C)
Easilys,Jérôme Guéret,Venture Capital,Information Technology
Easilys,Valérie Allain-Dupre,Venture Capital,Information Technology
OpenClassrooms,Guillaume Aubin,Venture Capital,Information Technology
OpenClassrooms,Xavier Niel,Venture Capital,Information Technology
Indexima,Thibault Canton,Venture Capital,Information Technology
Locala,Patrice Hutin,Venture Capital,Business Products and Services (B2B)
Trustpair,Cedric Sellin,Angel (individual),Information Technology
Trustpair,Eduardo Ronzano,Angel (individual),Information Technology
Trustpair,Pierre-Antoine Dusoulier,Angel (individual),Information Technology
Trustpair,Thibaud Elziere,Angel (individual),Information Technology
Welcome to the Jungle,Jean-Paul Guisset,Angel (individual),Business Products and Services (B2B)
Welcome to the Jungle,Michael Benabou,Angel (individual),Business Products and Services (B2B)
Welcome to the Jungle,Xavier Niel,Angel (individual),Business Products and Services (B2B)
Gymlib,Benoit Marrel,Venture Capital,Business Products and Services (B2B)
Alan,Jan Hammer,Venture Capital,Financial Services
Alan,Romain Lavault,Venture Capital,Financial Services
Alan,Shamit Patel,Angel (individual),Financial Services
Alan,Xavier Niel,Angel (individual),Financial Services
OpenDataSoft,Fabio Lancellotti,Venture Capital,Information Technology
UWINLOC,Marc Rougier,Venture Capital,Information Technology
Kalray,Jacques Dancer,Venture Capital,Information Technology
Kalray,Régis Saleur,Venture Capital,Information Technology
Monali,Marie Fauré Lambert,Venture Capital,Healthcare
Flexy (Business/Productivity Software),François Véron,Venture Capital,Information Technology
Privateaser,Antoine Freysz,Venture Capital,Business Products and Services (B2B)
Ultra Premium Direct,Antoine Régis,Venture Capital,Consumer Products and Services (B2C)
GrAI Matter Labs,Nader Sabbaghian,Venture Capital,Information Technology
Turbotech,Jérôme Guéret,Venture Capital,Business Products and Services (B2B)
Brut.,Emmanuel Seuge,Venture Capital,Consumer Products and Services (B2C)
Brut.,Sebastien Lepinard,Venture Capital,Consumer Products and Services (B2C)
Brut.,Xavier Niel,Venture Capital,Consumer Products and Services (B2C)
EnobraQ,Michael Krel,Venture Capital,Materials and Resources
ClicData,Johann Meynet,Venture Capital,Information Technology
Kombo.,Didier Valet,Angel (individual),Consumer Products and Services (B2C)
Kombo.,Emmanuel Guyot,Angel (individual),Consumer Products and Services (B2C)
Kombo.,Gabriel Jarrosson,Angel (individual),Consumer Products and Services (B2C)
Kombo.,Maximilien Nguyen,Angel (individual),Consumer Products and Services (B2C)
Kombo.,Nicolas Brumelot,Angel (individual),Consumer Products and Services (B2C)
Kombo.,Patrick Dalsace,Angel (individual),Consumer Products and Services (B2C)
Kombo.,Pierre Lavaux,Angel (individual),Consumer Products and Services (B2C)
Kombo.,Stephane Lee,Angel (individual),Consumer Products and Services (B2C)
Kombo.,Sylvain Zimmer,Angel (individual),Consumer Products and Services (B2C)
Biosency,Emmanuelle Deponge,Venture Capital,Healthcare
SafeHeal,Antoine Papiernik,Venture Capital,Healthcare
Walnut Algorithms,Pierre Entremont,Venture Capital,Information Technology
AntVoice,Laurent Dumas-Crouzillac,Venture Capital,Business Products and Services (B2B)
eCential Robotics,Guillaume Hemmerle,Venture Capital,Healthcare
Serious Factory,Yvan-Michel Ehkirch,Venture Capital,Business Products and Services (B2B)
Ermeo,Didier Miraton,Angel (individual),Information Technology
Ermeo,Alison Imbert,Venture Capital,Information Technology
HARi&CO,Camille Kriebitzsch,Venture Capital,Consumer Products and Services (B2C)
Karos,Jean-Marc Bally,Venture Capital,Consumer Products and Services (B2C)
Karos,Charles Egly,Angel (individual),Consumer Products and Services (B2C)
Karos,Florian Douetteau,Angel (individual),Consumer Products and Services (B2C)
Karos,Frank Le Ouay,Angel (individual),Consumer Products and Services (B2C)
Karos,Michaël Benabou,Angel (individual),Consumer Products and Services (B2C)
Karos,Xavier Niel,Angel (individual),Consumer Products and Services (B2C)
omicX,François Guisset,Venture Capital,Business Products and Services (B2B)
Ornikar,Philippe Gire,Venture Capital,Consumer Products and Services (B2C)
Ornikar,Romain Lavault,Venture Capital,Consumer Products and Services (B2C)
Seald,Damien Guermonprez,Angel (individual),Information Technology
Seald,Laurent Delaporte,Angel (individual),Information Technology
Seald,Sébastien Lucas,Angel (individual),Information Technology
Seald,Thierry Vandewalle,Angel (individual),Information Technology
Seald,Vincent Barat,Angel (individual),Information Technology
Seald,Xavier Gury,Angel (individual),Information Technology
Memo Bank,Alexandre Lebrun,Angel (individual),Financial Services
Memo Bank,Frank Le Ouay,Angel (individual),Financial Services
Memo Bank,Jacques-Antoine Granjon,Angel (individual),Financial Services
Memo Bank,Marc Simoncini,Angel (individual),Financial Services
Memo Bank,Rachel Delacour,Angel (individual),Financial Services
Memo Bank,Thibaud Elziere,Angel (individual),Financial Services
Memo Bank,Thierry Petit,Angel (individual),Financial Services
Memo Bank,Xavier Niel,Angel (individual),Financial Services
Agryco,Maarten Goossens,Venture Capital,Consumer Products and Services (B2C)
Agryco,Pauline Roux,Venture Capital,Consumer Products and Services (B2C)
TWIL,Toon King Wong,Venture Capital,Consumer Products and Services (B2C)
James 1840,John Guinet,Venture Capital,Consumer Products and Services (B2C)
Lifen,Marie Ekeland,Venture Capital,Healthcare
Lifen,Eduardo Ronzano,Angel (individual),Healthcare
Lifen,Julien Codorniou,Angel (individual),Healthcare
Micropep,Denis Lucquin,Venture Capital,Materials and Resources
Costockage,Cyril Grislain,Angel (individual),Information Technology
Costockage,Grégoire Boutin,Angel (individual),Information Technology
Costockage,Jean De La Rochebrochard,Venture Capital,Information Technology
Costockage,Xavier Niel,Angel (individual),Information Technology
Buseedo,Artur Shamalov,Venture Capital,Information Technology
E-Cycle,Edouard Cassini,Venture Capital,Consumer Products and Services (B2C)
Robocath,Bruno Guicheux,Venture Capital,Healthcare
Tediber,Antoine Fine,Venture Capital,Consumer Products and Services (B2C)
habx,Jean-Pierre Rousseau,Angel (individual),Information Technology
habx,Mathias Flattin,Venture Capital,Information Technology
Datananas,Bernard Kirsch,Angel (individual),Information Technology
Datananas,Christophe Cremer,Angel (individual),Information Technology
DCbrain,Fabio Lancellotti,Venture Capital,Information Technology
mirSense,François Breniaux,Venture Capital,Information Technology
mirSense,Guillaume Meulle,Venture Capital,Information Technology
Supermood,Guillaume Aubin,Venture Capital,Business Products and Services (B2B)
Supermood,Francis Nappez,Angel (individual),Business Products and Services (B2B)
LegalPlace,Michel de Guilhermier,Venture Capital,Business Products and Services (B2B)
Lydia,Cyril Bertrand,Venture Capital,Information Technology
Adikteev,Christophe Raynaud,Venture Capital,Business Products and Services (B2B)
Adikteev,Laurent Asscher,Angel (individual),Business Products and Services (B2B)
Diatly,François Paulus,Venture Capital,Business Products and Services (B2B)
Diatly,Eric Kalfon,Venture Capital,Business Products and Services (B2B)
Diatly,Hugues Pitre,Angel (individual),Business Products and Services (B2B)
InnovaFeed,Olivier Duha,Angel (individual),Healthcare
PayinTech,Yvan-Michel Ehkirch,Venture Capital,Information Technology
G-Keep,Alexis Menard,Venture Capital,Information Technology
Hydrelis,Alexandre Pelletier,Venture Capital,Business Products and Services (B2B)
Storetail Marketing Services,Jean-David Chamboredon,Venture Capital,Information Technology
Storetail Marketing Services,Audrey Soussan,Venture Capital,Information Technology
DataDome,Jean-David Chamboredon,Venture Capital,Information Technology
Cityscoot,Sergey Azatyan,Venture Capital,Consumer Products and Services (B2C)
Wildmoka,Guillaume Aubin,Venture Capital,Information Technology
Seiza,Xavier Lorphelin,Venture Capital,Business Products and Services (B2B)
Spendesk,Arnaud Crepier,Angel (individual),Information Technology
Spendesk,Cody Cagnina,Angel (individual),Information Technology
Spendesk,Dominique Vidal,Venture Capital,Information Technology
Spendesk,Laurent Asscher,Angel (individual),Information Technology
Spendesk,Louis Jonckheere,Angel (individual),Information Technology
Spendesk,Michael Benabou,Angel (individual),Information Technology
Spendesk,Natan Fisher,Angel (individual),Information Technology
Spendesk,Pieterjan Bouten,Angel (individual),Information Technology
Bubblz,David Aschenbroich,Venture Capital,Information Technology
Citygo,Christophe Courtin,Angel (individual),Consumer Products and Services (B2C)
ContentSquare,Michael Gilroy,Venture Capital,Information Technology
ContentSquare,Anthony Zappalà,Venture Capital,Information Technology
Dipli,Augustin Sayer,Venture Capital,Information Technology
Solen,Benoit Balloy,Angel (individual),Information Technology
Solen,Guillaume Lestrade,Angel (individual),Information Technology
Heetch,François Meteyer,Venture Capital,Consumer Products and Services (B2C)
Heetch,Antoine Nussenbaum,Venture Capital,Consumer Products and Services (B2C)
Opencell,Xavier Niel,Venture Capital,Information Technology
Geovelo,Eduardo Mansi,Angel (individual),Consumer Products and Services (B2C)
Saagie,Laurent Dumas-Crouzillac,Venture Capital,Information Technology
SetKeeper,Pascal Viguié,Angel (individual),Information Technology
Elistair,Julien Le Drogo,Venture Capital,Information Technology
MagicStay,Marc Frappier,Angel (individual),Consumer Products and Services (B2C)
MagicStay,Michael Benabou,Angel (individual),Consumer Products and Services (B2C)
MagicStay,Nicolas Weil,Angel (individual),Consumer Products and Services (B2C)
Zest HACCP,Renaud Guillerm,Venture Capital,Information Technology
Ledger,Laurent Dumas-Crouzillac,Venture Capital,Information Technology
Ledger,Ming-po Cai,Venture Capital,Information Technology
Ledger,Timothy Draper,Venture Capital,Information Technology
Ledger,Matthias Turck,Venture Capital,Information Technology
Ledger,Fleur Pellerin,Venture Capital,Information Technology
Ledger,Simon Cook,Venture Capital,Information Technology
Ouihelp,Dominique Vidal,Angel (individual),Healthcare
Ouihelp,Grégoire Briens,Angel (individual),Healthcare
Ouihelp,Herve Cuviliez,Venture Capital,Healthcare
Ouihelp,Antoine Freysz,Venture Capital,Healthcare
Ouihelp,Pierre Kosciusko Morizet,Angel (individual),Healthcare
Cenareo,Benjamin Hardy,Angel (individual),Information Technology
Cenareo,Marion Chanéac,Venture Capital,Information Technology
Cenareo,Sébastien Romelot,Angel (individual),Information Technology
Pherecydes Pharma,Franck Lescure,Venture Capital,Healthcare
Pherecydes Pharma,Franck Lescure,Venture Capital,Healthcare
Pherecydes Pharma,Leila Nicolas,Venture Capital,Healthcare
VSORA,Boris Golden,Venture Capital,Information Technology
EcoVadis,Mark Menell,Venture Capital,Business Products and Services (B2B)
EuroPass,Romain Lavault,Venture Capital,Consumer Products and Services (B2C)
Même,Antoine Fine,Venture Capital,Consumer Products and Services (B2C)
Epicery,Clément Benoit,Angel (individual),Consumer Products and Services (B2C)
Epicery,Julien Codorniou,Angel (individual),Consumer Products and Services (B2C)
Epicery,Ronan Le Moal,Angel (individual),Consumer Products and Services (B2C)
Sellsy,Patrice Hutin,Venture Capital,Information Technology
Enterome,Johan Kordel,Venture Capital,Healthcare
Enterome,Isabelle de Cremoux,Venture Capital,Healthcare
Enterome,Paolo Siviero,Venture Capital,Healthcare
Kiwibook,Xavier Niel,Venture Capital,Consumer Products and Services (B2C)
Kiwibook,Xavier Niel,Angel (individual),Consumer Products and Services (B2C)
Aenitis Technologies,Philippe Tramoy,Venture Capital,Healthcare
Aenitis Technologies,Idir Idjerouidene,Venture Capital,Healthcare
Little Worker,Fabrice Grinda,Angel (individual),Information Technology
Pop Valet,David Amsellem,Angel (individual),Consumer Products and Services (B2C)
Pop Valet,Roger Crook,Angel (individual),Consumer Products and Services (B2C)
Tallano Technologies,Yvan-Michel Ehkirch,Venture Capital,Business Products and Services (B2B)
Unifai (Europe),Justin Ziegler,Angel (individual),Information Technology
Unifai (Europe),Laurent Letourmy,Angel (individual),Information Technology
Unifai (Europe),Quentin de Chivré,Angel (individual),Information Technology
Pledg,Jean-Jacques Bertrand,Angel (individual),Information Technology
Pledg,Jérôme Bédier,Angel (individual),Information Technology
Web2vi,Alexis Menard,Venture Capital,Information Technology
Kabuto,Frédéric Mazzella,Angel (individual),Consumer Products and Services (B2C)
Aniwaa,Thomas Hundt,Venture Capital,Business Products and Services (B2B)
Manawa,Koen Lenssen,Venture Capital,Consumer Products and Services (B2C)
Giroptic,Cyril Ebersweiler,Venture Capital,Consumer Products and Services (B2C)
Captain Contrat,Marion Chanéac,Venture Capital,Business Products and Services (B2B)
Captain Contrat,Cyril Vermeulen,Angel (individual),Business Products and Services (B2B)
Captain Contrat,Olivier Heckmann,Angel (individual),Business Products and Services (B2B)
Cintoo,Valérie Roché-Melin,Venture Capital,Information Technology
eXplain,Xavier Niel,Angel (individual),Information Technology
Cryptense,Thomas Herlin,Angel (individual),Financial Services
Foucade,Jacques-Antoine Granjon,Angel (individual),Consumer Products and Services (B2C)
Foucade,Xavier Niel,Venture Capital,Consumer Products and Services (B2C)
Oh My Cream,Camille Kriebitzsch,Venture Capital,Consumer Products and Services (B2C)
SouthPigalle,Stéphanie Gottlib-Zeh,Venture Capital,Information Technology
Aenitis Technologies,Philippe Tramoy,Venture Capital,Healthcare
Ween,Eric Burkel,Angel (individual),Consumer Products and Services (B2C)
Doctolib,Bertrand Jelensperger,Angel (individual),Healthcare
Fill Up Media,Gaetan de Sainte-Marie,Angel (individual),Business Products and Services (B2B)
Fill Up Media,Guillaume Beyens,Angel (individual),Business Products and Services (B2B)
Fill Up Media,Matthieu Ponson,Angel (individual),Business Products and Services (B2B)
Fill Up Media,Philippe Grillot,Angel (individual),Business Products and Services (B2B)
Chefclub,Daniel Marhely,Angel (individual),Consumer Products and Services (B2C)
Chefclub,Dominique Romano,Angel (individual),Consumer Products and Services (B2C)
Chefclub,Paul Degueuse,Venture Capital,Consumer Products and Services (B2C)
Chefclub,Michael Benabou,Angel (individual),Consumer Products and Services (B2C)
DreamQuark,Guillaume Dupont,Venture Capital,Information Technology
Habiteo,Jean-Marc Bally,Venture Capital,Information Technology
Habiteo,Marc Fournier,Venture Capital,Information Technology
Step Pharma,Vanessa Malier,Venture Capital,Healthcare
Step Pharma,Ohad Hammer,Venture Capital,Healthcare
AlloMedia,Marc De Kerhor,Venture Capital,Information Technology
PEP-Therapy,Bernard Majoie,Angel (individual),Healthcare
PEP-Therapy,Philippe Tramoy,Venture Capital,Healthcare
Shippeo,Benjamin Teszner,Venture Capital,Information Technology
Shippeo,Philippe Collombel,Venture Capital,Information Technology
Solendro,Maximilien Bacot,Venture Capital,Consumer Products and Services (B2C)
IT-Translation,Xavier Lazarus,Venture Capital,Financial Services
Demander Justice,Jean-Marc Patouillaud,Venture Capital,Consumer Products and Services (B2C)
MedGo,Daniel Calle,Angel (individual),Healthcare
MedGo,Dominique Vidal,Angel (individual),Healthcare
MedGo,Mathilde Collin,Angel (individual),Healthcare
Wettoncraft,Florent Lestienne,Venture Capital,Consumer Products and Services (B2C)
Stratumn,Bruno Raillard,Venture Capital,Information Technology
Blue Frog (Hardware),Alexandre Ichaï,Angel (individual),Information Technology
Blue Frog (Hardware),Anne-Claude Pont,Angel (individual),Information Technology
Blue Frog (Hardware),Benoit de Maulmin,Angel (individual),Information Technology
Blue Frog (Hardware),Gilles Benhamou,Angel (individual),Information Technology
Izberg,Raffi Kamber,Venture Capital,Information Technology
CetteFamille,Philippe Perrin,Angel (individual),Healthcare
HireSweet,David Bizer,Angel (individual),Information Technology
HireSweet,Xavier Niel,Venture Capital,Information Technology
HireSweet,Yannis Yahiaoui,Angel (individual),Information Technology
Wiztrust,Didier Rousseau,Angel (individual),Information Technology
Wiztrust,François Le Corno,Angel (individual),Information Technology
Wiztrust,Gerard Augustin-Normand,Angel (individual),Information Technology
Wiztrust,Pierre-Antoine Dusoulier,Angel (individual),Information Technology
Pollen Metrology,Rémi Berthier,Venture Capital,Information Technology
Pollen Metrology,Guilhem De Vregille,Venture Capital,Information Technology
OpenIO,Marc Rougier,Venture Capital,Information Technology
OpenIO,Reza Malekzadeh,Venture Capital,Information Technology
Shift Technology,Sonali De Rycker,Venture Capital,Information Technology
Shift Technology,Philippe Gire,Venture Capital,Information Technology
Shift Technology,Adam Valkin,Venture Capital,Information Technology
Dejamobile,François Enaud,Angel (individual),Information Technology
Per Angusta,Rémi Berthier,Venture Capital,Information Technology
Remedee Labs,Alexis Houssou,Venture Capital,Healthcare
Remedee Labs,Boris Golden,Venture Capital,Healthcare
Papernest,Philippe Collombel,Venture Capital,Consumer Products and Services (B2C)
Skapánê,Christophe Marechal,Venture Capital,Information Technology
Inqom,Alexandre Azoulay,Venture Capital,Information Technology
Constant & Zoé,Francis-Charles Pollet,Angel (individual),Consumer Products and Services (B2C)
Constant & Zoé,Guillaume Alabert,Angel (individual),Consumer Products and Services (B2C)
Constant & Zoé,Michel Gasnier,Angel (individual),Consumer Products and Services (B2C)
VuLog,Fabrice Bienfait,Venture Capital,Information Technology
VuLog,Ivo Nemejc,Venture Capital,Information Technology
Azoth Systems,Marie Fauré Lambert,Venture Capital,Consumer Products and Services (B2C)
MedinCell,Karine Lignel,Venture Capital,Healthcare
Chipsmarket,Guillaume Aubin,Venture Capital,Information Technology
Chipsmarket,Georges Karam,Angel (individual),Information Technology
Chipsmarket,Olivier Dubuisson,Venture Capital,Information Technology
Chipsmarket,Olivier Dubuisson,Angel (individual),Information Technology
Chipsmarket,Raffi Kamber,Angel (individual),Information Technology
Biomaneo,Mathieu Perrot,Venture Capital,Healthcare
Loopsider,Bernard Mourad,Angel (individual),Consumer Products and Services (B2C)
Loopsider,Franck Papazian,Angel (individual),Consumer Products and Services (B2C)
Loopsider,Stéphanie Hospital,Venture Capital,Consumer Products and Services (B2C)
Turbiwatt,Didier Greggory,Venture Capital,Energy
Imactis,Emilie Richard,Venture Capital,Healthcare
Imactis,Cécile Réal,Venture Capital,Healthcare
Wandercraft,Valéry Huot,Venture Capital,Healthcare
Primo1D,Nicolas Boulay,Venture Capital,Information Technology
Ysopia Bioscience,Isabelle de Cremoux,Venture Capital,Healthcare
Eligo Bioscience,Samir Kaul,Venture Capital,Healthcare
Eligo Bioscience,Isabelle de Cremoux,Venture Capital,Healthcare
BioSerenity,Chantal Parpex,Venture Capital,Healthcare
Le Collectionist,Boris Golden,Venture Capital,Consumer Products and Services (B2C)
Le Collectionist,Alban Greget,Venture Capital,Consumer Products and Services (B2C)
Le Collectionist,Cyril Bertrand,Venture Capital,Consumer Products and Services (B2C)
88JOBS,Bruno Jacquemin,Angel (individual),Business Products and Services (B2B)
88JOBS,Monica Jiman,Angel (individual),Business Products and Services (B2B)
Proprioo,Xavier Niel,Venture Capital,Consumer Products and Services (B2C)
ManoMano,Philippe Collombel,Venture Capital,Consumer Products and Services (B2C)
Virtuo,Bernard Liautaud,Venture Capital,Consumer Products and Services (B2C)
OpenHealth Company,Ingrid Rayez,Venture Capital,Healthcare
DNA Script,Nicholas Naclerio,Venture Capital,Healthcare
DNA Script,Philippe Peltier,Venture Capital,Healthcare
DNA Script,Josko Bobanović,Venture Capital,Healthcare
Rediv,Francis Nappez,Angel (individual),Consumer Products and Services (B2C)
Rediv,Frédéric Mazzella,Angel (individual),Consumer Products and Services (B2C)
Rediv,Pierre Kosciusko Morizet,Angel (individual),Consumer Products and Services (B2C)
SoundCharts,Jeremy Uzan,Venture Capital,Information Technology
Diffusely,Rodolphe Menegaux,Venture Capital,Information Technology
Diffusely,Fabrice Grinda,Venture Capital,Information Technology
Diffusely,Xavier Niel,Venture Capital,Information Technology
UPMEM,Olivier Huez,Venture Capital,Information Technology
UPMEM,Charles-Antoine Beyney,Angel (individual),Information Technology
UPMEM,Reza Malekzadeh,Venture Capital,Information Technology
UPMEM,Christophe Desrumaux,Venture Capital,Information Technology
Vekia,Romain Vidal,Venture Capital,Information Technology
Vekia,Laurent Vernier,Venture Capital,Information Technology
Vekia,Sébastien Le Roy,Venture Capital,Information Technology
LXRepair,Gwenaël Hamon,Venture Capital,Healthcare
Feed.,Guillaume Gibault,Angel (individual),Consumer Products and Services (B2C)
Feed.,Hubert Patricot,Angel (individual),Consumer Products and Services (B2C)
Feed.,Jérémy Charoy,Angel (individual),Consumer Products and Services (B2C)
Make.org,Gonzague De Blignières,Angel (individual),Consumer Products and Services (B2C)
Make.org,Alexandre Azoulay,Venture Capital,Consumer Products and Services (B2C)
Mediarithmics,Claire Houry,Venture Capital,Business Products and Services (B2B)
Calistair,Hans Näder,Angel (individual),Business Products and Services (B2B)
Cailabs,Jerome LeCoeur,Venture Capital,Information Technology
Iguane Solutions,Eric Cohen,Angel (individual),Information Technology
Iguane Solutions,Julien Codorniou,Angel (individual),Information Technology
Iguane Solutions,Xavier Niel,Venture Capital,Information Technology
SnapEvent,Cyril Vermeulen,Angel (individual),Business Products and Services (B2B)
SnapEvent,David Dayan,Angel (individual),Business Products and Services (B2B)
SnapEvent,Thierry Petit,Angel (individual),Business Products and Services (B2B)
Skillup,Antoine Freysz,Venture Capital,Information Technology
MWM,Olav Ostin,Venture Capital,Information Technology
TISSIUM,Karine Lignel,Venture Capital,Healthcare
TISSIUM,Antoine Papiernik,Venture Capital,Healthcare
HighLife,Antoine Papiernik,Venture Capital,Healthcare
Alltricks,Jean-Marc Patouillaud,Venture Capital,Consumer Products and Services (B2C)
MD Start,Denis Lucquin,Venture Capital,Business Products and Services (B2B)
Cardiologs,François Meteyer,Venture Capital,Healthcare
Cardiologs,Jean-David Chamboredon,Venture Capital,Healthcare
Cardiologs,Reza Malekzadeh,Venture Capital,Healthcare
Yuco,Julien Palmaro,Venture Capital,Information Technology
Cubyn,Romain Lavault,Venture Capital,Business Products and Services (B2B)
Context (Acquired 2021),Mathieu Daix,Venture Capital,Information Technology
Context (Acquired 2021),Frédéric Potter,Angel (individual),Information Technology
Unow,Alain Thibault,Angel (individual),Consumer Products and Services (B2C)
Unow,Jean-Stephane Arcis,Angel (individual),Consumer Products and Services (B2C)
Ownpage,Shéhérazade de Boisséson,Angel (individual),Business Products and Services (B2B)
Ownpage,Nicolas Landrin,Venture Capital,Business Products and Services (B2B)
Agricool,Pierre-Eric Leibovici,Venture Capital,Materials and Resources
Agricool,Edouard Petit,Angel (individual),Materials and Resources
Agricool,Grégoire Boutin,Angel (individual),Materials and Resources
Agricool,Henri Seydoux,Angel (individual),Materials and Resources
Agricool,Jacques-Antoine Granjon,Angel (individual),Materials and Resources
Agricool,Oussama Ammar,Angel (individual),Materials and Resources
Agricool,Thibaud Elziere,Angel (individual),Materials and Resources
Agricool,Willy Braun,Angel (individual),Materials and Resources
Foxintelligence,Cyril Grislain,Angel (individual),Information Technology
Foxintelligence,Pierre-Eric Leibovici,Venture Capital,Information Technology
Foxintelligence,Hugues de Braucourt,Venture Capital,Information Technology
Foxintelligence,Grégoire Boutin,Angel (individual),Information Technology
Foxintelligence,Laurence Parisot,Angel (individual),Information Technology
Foxintelligence,Norbert Furnion,Angel (individual),Information Technology
Foxintelligence,Romain Lavault,Venture Capital,Information Technology
Foxintelligence,Patrice Thiry,Angel (individual),Information Technology
Foxintelligence,Philippe Dufour,Angel (individual),Information Technology
Foxintelligence,Renaud Visage,Angel (individual),Information Technology
Foxintelligence,Tamim Jabr,Angel (individual),Information Technology
Foxintelligence,Thibaud Elziere,Angel (individual),Information Technology
Foxintelligence,Willy Braun,Angel (individual),Information Technology
PayFit,Philippe Botteri,Venture Capital,Information Technology
PayFit,Bruno Raillard,Venture Capital,Information Technology
PayFit,Xavier Niel,Angel (individual),Information Technology
TestWe,Benoît Sillard,Angel (individual),Information Technology
TestWe,Laurent Vernier,Venture Capital,Information Technology
Qonto,Guillaume Aubin,Venture Capital,Information Technology
Qonto,Peter Thiel,Venture Capital,Information Technology
Worklife (Paris),Dmitry Chikhachev,Venture Capital,Information Technology
Worklife (Paris),Sofiane Ammar,Angel (individual),Information Technology
Worklife (Paris),Stéphane Romanyszyn,Angel (individual),Information Technology
Worklife (Paris),Cyril Bertrand,Venture Capital,Information Technology
Lengow,Guillaume Aubin,Venture Capital,Information Technology
MicrOBS,Stephane Lefevre-Sauli,Venture Capital,Healthcare
Iguana Yachts,Daniel Vogel,Angel (individual),Consumer Products and Services (B2C)
Iguana Yachts,Pierre Kosciusko Morizet,Angel (individual),Consumer Products and Services (B2C)
LeCiseau,Mathieu Cartier,Angel (individual),Consumer Products and Services (B2C)
Qista,Thierry Dassault,Angel (individual),Consumer Products and Services (B2C)
Wexity,Jérôme Guéret,Venture Capital,Information Technology
Apitic,François Véron,Venture Capital,Information Technology
Endodiag,Cyrus Contant,Venture Capital,Healthcare
Tiller (Business/Productivity Software),Nicolas Sireyjol,Angel (individual),Information Technology
Tiller (Business/Productivity Software),Thierry Petit,Angel (individual),Information Technology
Mindsay,Alexandre Lebrun,Angel (individual),Information Technology
Mindsay,André Raoul,Venture Capital,Information Technology
Mindsay,Claire Godron,Angel (individual),Information Technology
Mindsay,François Calvino,Angel (individual),Information Technology
Mindsay,François Piot,Angel (individual),Information Technology
Mindsay,Marc Leidelinger,Angel (individual),Information Technology
Mindsay,Romain Lavault,Venture Capital,Information Technology
Mindsay,Yves Weisselberger,Angel (individual),Information Technology
Fermat,Paul Maritz,Angel (individual),Information Technology
Sericyne,Didier Rousseau,Angel (individual),Materials and Resources
Sericyne,Jacques-Antoine Granjon,Angel (individual),Materials and Resources
Sericyne,Thierry Gillier,Angel (individual),Materials and Resources
Videdressing,Andrin Bachmann,Venture Capital,Consumer Products and Services (B2C)
Shadow (Application Software),Michael Benabou,Angel (individual),Information Technology
Shadow (Application Software),Nopporn Suppipat,Angel (individual),Information Technology
Shadow (Application Software),Pierre Kosciusko Morizet,Angel (individual),Information Technology
Snips,Hadley Harris,Venture Capital,Information Technology
Snips,Antoine Dresch,Venture Capital,Information Technology
Happydemics,Alexander Ichai,Angel (individual),Information Technology
Happydemics,Frederic Basseto,Angel (individual),Information Technology
Happydemics,Frédéric Mazzella,Angel (individual),Information Technology
Happydemics,Julien Godin,Angel (individual),Information Technology
Happydemics,Olivier Mazeron,Angel (individual),Information Technology
Happydemics,Ruben Nataf,Angel (individual),Information Technology
Happydemics,Sebastien Duclos,Angel (individual),Information Technology
Happydemics,Arnaud Delattre,Venture Capital,Information Technology
Youmiam,Marc Goldberg,Angel (individual),Consumer Products and Services (B2C)
Crème de la Crème,Alain Thibaut,Angel (individual),Business Products and Services (B2B)
Crème de la Crème,Christophe Chausson,Angel (individual),Business Products and Services (B2B)
Crème de la Crème,Christophe Courtin,Angel (individual),Business Products and Services (B2B)
Crème de la Crème,Cyril Vermeulen,Angel (individual),Business Products and Services (B2B)
Crème de la Crème,Fabrice Berger Duquene,Angel (individual),Business Products and Services (B2B)
Crème de la Crème,Jean-Stephane Arcis,Angel (individual),Business Products and Services (B2B)
Crème de la Crème,Loic Le Meur,Angel (individual),Business Products and Services (B2B)
CybelAngel,Bertrand Diard,Venture Capital,Information Technology
Side (Business/Productivity Software),Antoine Martin,Angel (individual),Information Technology
Side (Business/Productivity Software),Pietro Bezza,Venture Capital,Information Technology
Side (Business/Productivity Software),Jacques-Antoine Granjon,Angel (individual),Information Technology
Side (Business/Productivity Software),Xavier Niel,Angel (individual),Information Technology
BW Ideol,Jacques Boulesteix,Venture Capital,Energy
Clustree,Raffi Kamber,Venture Capital,Business Products and Services (B2B)
Tracktor,Marc Laurent,Venture Capital,Information Technology
Hivebrite,Edward Filippi,Angel (individual),Information Technology
HostnFly,Antoine Freysz,Venture Capital,Business Products and Services (B2B)
HostnFly,Alison Imbert,Venture Capital,Business Products and Services (B2B)
JulieDesk,Renaud Guillerm,Venture Capital,Information Technology
Feeligreen,Vincent Deltrieu,Venture Capital,Healthcare
Vidata,Alexander Ichai,Angel (individual),Information Technology
Vidata,André Saint-Mleux,Angel (individual),Information Technology
Vidata,Christophe Cremer,Angel (individual),Information Technology
Vidata,Damien Grulier,Angel (individual),Information Technology
Vidata,Johann Meynet,Venture Capital,Information Technology
Ector,Michel de Guilhermier,Venture Capital,Consumer Products and Services (B2C)
Expensya,Thierry Vandewalle,Venture Capital,Information Technology
Frichti,Guillaume Aubin,Venture Capital,Consumer Products and Services (B2C)
Frichti,Frederic Court,Venture Capital,Consumer Products and Services (B2C)
Stanley Robotics,Marc Rougier,Venture Capital,Information Technology
JobTeaser,Rodolphe Menegaux,Venture Capital,Consumer Products and Services (B2C)
JobTeaser,Paul Degueuse,Venture Capital,Consumer Products and Services (B2C)
Fluoptics,Cecile Real,Angel (individual),Healthcare
Talent.io,Guillaume Aubin,Venture Capital,Business Products and Services (B2B)
Easyrecrue,Pauline Roux,Venture Capital,Information Technology
i-SEP,Leila Nicolas,Venture Capital,Healthcare
Vivet Therapeutics,Javier García,Venture Capital,Healthcare
Vivet Therapeutics,Johan Christenson,Venture Capital,Healthcare
Vivet Therapeutics,Vanessa Malier,Venture Capital,Healthcare
Vivet Therapeutics,Karen Wagner,Venture Capital,Healthcare
QuiToque,Jean-David Chamboredon,Venture Capital,Consumer Products and Services (B2C)
QuiToque,Nicolas d'Audiffret,Angel (individual),Consumer Products and Services (B2C)
ImCheck Therapeutics,Vincent Brichard,Venture Capital,Healthcare
ImCheck Therapeutics,Remi Droller,Venture Capital,Healthcare
EuroPass,Geoffroy De Becdelièvre,Angel (individual),Consumer Products and Services (B2C)
EuroPass,Romain Lavault,Venture Capital,Consumer Products and Services (B2C)
Myopowers,Philippe Pouletty,Venture Capital,Healthcare
Spark Lasers,Chloé Cohen-Aknine,Venture Capital,Business Products and Services (B2B)
Spartoo,Alice Besomi,Angel (individual),Consumer Products and Services (B2C)
Spartoo,Fergal Mullen,Venture Capital,Consumer Products and Services (B2C)
Spartoo,Irena Goldenberg,Angel (individual),Consumer Products and Services (B2C)
WeFix,Frédéric Jousset,Angel (individual),Consumer Products and Services (B2C)
WeFix,Olivier Duha,Angel (individual),Consumer Products and Services (B2C)
MagiCats Builder,Jean-Francois Lambert,Venture Capital,Information Technology
Intento Design,Thibault Canton,Venture Capital,Information Technology
Actility,Dominique Pitteloud,Venture Capital,Information Technology
Actility,Jean Francois Fourt,Venture Capital,Information Technology
Actility,William Germain,Angel (individual),Information Technology
Back Market,Antoine Loison,Venture Capital,Consumer Products and Services (B2C)
Back Market,Pierre-Yves Meerschman,Venture Capital,Consumer Products and Services (B2C)
FretLink,Balthazar de Lavergne,Angel (individual),Business Products and Services (B2B)
FretLink,Maximilien Bacot,Venture Capital,Business Products and Services (B2B)
FretLink,Pierre-Yves Meerschman,Venture Capital,Business Products and Services (B2B)
FretLink,Samantha Jérusalmy,Venture Capital,Business Products and Services (B2B)
TargEDys,Tomer Kariv,Venture Capital,Healthcare
TargEDys,Isabelle de Cremoux,Venture Capital,Healthcare
Frichti,Guillaume Aubin,Venture Capital,Consumer Products and Services (B2C)
Frichti,Celine Lazorthes,Angel (individual),Consumer Products and Services (B2C)
Frichti,Celine Orjubin,Angel (individual),Consumer Products and Services (B2C)
Frichti,Pierre Valade,Angel (individual),Consumer Products and Services (B2C)
Les Bateaux Bordelais,Bernard Magrez,Angel (individual),Consumer Products and Services (B2C)
Panoply City,Emilie Buttiaux,Venture Capital,Consumer Products and Services (B2C)
Sparklane,Guilhem De Vregille,Venture Capital,Information Technology
AlloMedia,Frédéric De Belloy,Angel (individual),Information Technology
AlloMedia,Xavier Niel,Angel (individual),Information Technology
Message in a Window,Thomas Dadashi,Angel (individual),Business Products and Services (B2B)
Kiute,François Véron,Venture Capital,Business Products and Services (B2B)
Polène,Antoine Fine,Venture Capital,Consumer Products and Services (B2C)
Fenotek,Jean-Philippe Zoghbi,Venture Capital,Consumer Products and Services (B2C)
Ledger,Laurent Dumas-Crouzillac,Venture Capital,Information Technology
Ledger,Pamir Gelenbe,Venture Capital,Information Technology
Ledger,Cyril Bertrand,Venture Capital,Information Technology
hemea,Maximilien Bacot,Venture Capital,Consumer Products and Services (B2C)
hemea,Xavier Niel,Angel (individual),Consumer Products and Services (B2C)
Kayrros,Dominic Jacquesson,Venture Capital,Information Technology
Realytics,Pauline Roux,Venture Capital,Information Technology
Comet (Buildings and Property),Alexandre Grux,Angel (individual),Business Products and Services (B2B)
Comet (Buildings and Property),Pierre Kosciusko Morizet,Angel (individual),Business Products and Services (B2B)
Nosopharm,Franck Lescure,Venture Capital,Healthcare
Nosopharm,Gwenaël Hamon,Venture Capital,Healthcare
Wheeliz,Francis Nappez,Angel (individual),Consumer Products and Services (B2C)
Red Electric,André Raoul,Venture Capital,Consumer Products and Services (B2C)
Teemo,Greg Coleman,Angel (individual),Business Products and Services (B2B)
Teemo,Dominique Vidal,Venture Capital,Business Products and Services (B2B)
Teemo,Pascal Gauthier,Angel (individual),Business Products and Services (B2B)
Vect-Horus,Sauveur Cascone,Venture Capital,Healthcare
Akeneo,Guillaume Aubin,Venture Capital,Information Technology
Akeneo,Jérémie Berrebi,Angel (individual),Information Technology
Akeneo,John Queffélec,Angel (individual),Information Technology
Akeneo,Reza Malekzadeh,Venture Capital,Information Technology
Jellynote,Jens-Otto Paludan,Venture Capital,Consumer Products and Services (B2C)
ReachFive,Michel de Guilhermier,Venture Capital,Information Technology
ReachFive,Julien Morel,Angel (individual),Information Technology
ReachFive,Thomas Le Forestier,Venture Capital,Information Technology
Hemarina,Emilie Lidome,Venture Capital,Healthcare
Hemarina,Patrick Franchet,Venture Capital,Healthcare
InterCloud,Guillaume Dupont,Venture Capital,Information Technology
InterCloud,Guy Lacroix,Angel (individual),Information Technology
InterCloud,Jean Bourcereau,Venture Capital,Information Technology
Mimitika,Xavier Niel,Venture Capital,Consumer Products and Services (B2C)
Mimitika,Michel de Rovira,Angel (individual),Consumer Products and Services (B2C)
Revers.io,Romain Vidal,Venture Capital,Information Technology
Revers.io,Jérôme Snollaerts,Venture Capital,Information Technology
Clay AIR,Jean-Luc Lénart,Angel (individual),Information Technology
Famoco,Geoffroy Bragadir,Venture Capital,Information Technology
AntsRoute,Benoît Georis,Venture Capital,Information Technology
365c,Grégory Nouchi,Venture Capital,Consumer Products and Services (B2C)
365c,Francis-Charles Pollet,Angel (individual),Consumer Products and Services (B2C)
Force A,Timothy Vander Elst,Venture Capital,Information Technology
Acticor Biotech,Catherine Boule,Venture Capital,Healthcare
Care Labs,Julien Catherine,Venture Capital,Information Technology
Aston iTF,David Manjarres,Venture Capital,Information Technology
Doctolib,Philippe Botteri,Venture Capital,Healthcare
Doctolib,Ludwig Klitzsch,Angel (individual),Healthcare
Doctolib,Pierre Kosciusko Morizet,Angel (individual),Healthcare
Feed.,Antoine Fine,Venture Capital,Consumer Products and Services (B2C)
Feed.,François Blum,Venture Capital,Consumer Products and Services (B2C)
Skinjay,Isabelle de Cremoux,Venture Capital,Consumer Products and Services (B2C)
Welcome to the Jungle,Michael Benabou,Angel (individual),Business Products and Services (B2B)
Hoomano,Stéphanie Hospital,Venture Capital,Information Technology
BioSCO,Riadh Shaiek,Venture Capital,Information Technology
Qapa,Francois Tison,Venture Capital,Business Products and Services (B2B)
Qapa,Dominique Vidal,Venture Capital,Business Products and Services (B2B)
Qapa,Philippe Collombel,Venture Capital,Business Products and Services (B2B)
SeaBubbles,Romain Lavault,Venture Capital,Consumer Products and Services (B2C)
Armis (Business/Productivity Software),Brian O'Kelley,Angel (individual),Information Technology
Armis (Business/Productivity Software),Michael Rubenstein,Angel (individual),Information Technology
Armis (Business/Productivity Software),Philippe Ait-Yahia,Angel (individual),Information Technology
Armis (Business/Productivity Software),Philippe Finkelstein,Angel (individual),Information Technology
Armis (Business/Productivity Software),Tatiana Jama,Angel (individual),Information Technology
Aspic Technologies,Florent Lestienne,Venture Capital,Information Technology
Heuritech,Renaud Visage,Angel (individual),Information Technology
QOS Energy,Fabrice Bienfait,Venture Capital,Information Technology
QOS Energy,Jérôme Guéret,Venture Capital,Information Technology
Eulerian,Paul Strachman,Venture Capital,Information Technology
Bankin',Patrick Meisberger,Venture Capital,Information Technology
Keakr,Mathieu Daix,Venture Capital,Consumer Products and Services (B2C)
EkWateur,Jean-Marc Bally,Venture Capital,Energy
EkWateur,Witold Marais,Angel (individual),Energy
1Check,Jean-François Richardoz,Angel (individual),Information Technology
Charme & Traditions,Julien Foussard,Venture Capital,Consumer Products and Services (B2C)
Fx Solutions (France),Isabelle Bou Antoun,Venture Capital,Healthcare
Team Square,Bruno Dupont,Venture Capital,Business Products and Services (B2B)
SurfactGreen,Leila Nicolas,Venture Capital,Materials and Resources
Ynsect,Matthieu Vermersch,Venture Capital,Materials and Resources
Ynsect,Sofia Hmich,Venture Capital,Materials and Resources
Weenat,Didier Rousseau,Venture Capital,Information Technology
Big Moustache,Bourez Bourez,Angel (individual),Consumer Products and Services (B2C)
Big Moustache,Nicolas Feraudy,Angel (individual),Consumer Products and Services (B2C)
Fitnext,Guillaume Multrier,Angel (individual),Information Technology
Belledonne,Olivier Rollin,Venture Capital,Consumer Products and Services (B2C)
Yelloan,Ludovic Denis,Venture Capital,Financial Services
FabZat,Laurent Delaporte,Angel (individual),Consumer Products and Services (B2C)
Malt,Jean-David Chamboredon,Venture Capital,Business Products and Services (B2B)
OpenDataSoft,Fabio Lancellotti,Venture Capital,Information Technology
Stootie,Jérôme Snollaerts,Venture Capital,Consumer Products and Services (B2C)
EcoVadis,Mark Menell,Venture Capital,Business Products and Services (B2B)
Jooxter,Ivan Michal,Venture Capital,Information Technology
Solendro,Maximilien Bacot,Venture Capital,Consumer Products and Services (B2C)
Solendro,Thierry Lernon,Angel (individual),Consumer Products and Services (B2C)
Octipas,François Legros,Angel (individual),Information Technology
Biboard,Rémi Berthier,Venture Capital,Information Technology
Biboard,Rémi Berthier,Venture Capital,Information Technology
Biboard,Guillaume Hemmerle,Venture Capital,Information Technology
PDC*line Pharma,Baudouin Jolly,Angel (individual),Healthcare
PDC*line Pharma,Françoise Jolly-de Vaucleroy,Angel (individual),Healthcare
PDC*line Pharma,Jean-Paul Prieels,Angel (individual),Healthcare
PDC*line Pharma,Marc Foidart,Venture Capital,Healthcare
PDC*line Pharma,Riccardo Cortese,Angel (individual),Healthcare
PDC*line Pharma,Serge Goblet,Angel (individual),Healthcare
Seacure,Alexandre Ouimet-Storrs,Venture Capital,Business Products and Services (B2B)
HedgeGuard,Herve Cuviliez,Venture Capital,Information Technology
Aryballe,Vincent Deltrieu,Venture Capital,Information Technology
Aston iTF,David Manjarres,Venture Capital,Information Technology
ClicData,Dan Tyre,Angel (individual),Information Technology
Exotec,François Collet,Venture Capital,Information Technology
MeilleursAgents,Guillaume Aubin,Venture Capital,Consumer Products and Services (B2C)
Uptime (Electronic Equipment and Instruments),Jacques-Antoine Granjon,Angel (individual),Information Technology
Uptime (Electronic Equipment and Instruments),Xavier Niel,Venture Capital,Information Technology
Uptime (Electronic Equipment and Instruments),Thibaud Elziere,Angel (individual),Information Technology
Uptime (Electronic Equipment and Instruments),Yvan Wibaux,Angel (individual),Information Technology
Devialet,Jean-Francois Baril,Venture Capital,Consumer Products and Services (B2C)
Devialet,Fleur Pellerin,Venture Capital,Consumer Products and Services (B2C)
Kazaden,Christophe Courtin,Angel (individual),Consumer Products and Services (B2C)
Kazaden,Jean-Fabrice Mathieu,Angel (individual),Consumer Products and Services (B2C)
Kazaden,Justin Ziegler,Angel (individual),Consumer Products and Services (B2C)
Kazaden,Renaud Guillerm,Venture Capital,Consumer Products and Services (B2C)
Privateaser,Christophe Raynaud,Venture Capital,Business Products and Services (B2B)
Alltricks,Jean-Marc Patouillaud,Venture Capital,Consumer Products and Services (B2C)
Sabella,Eric Marty,Venture Capital,Energy
Foxintelligence,Pierre-Eric Leibovici,Venture Capital,Information Technology
Foxintelligence,Hugues de Braucourt,Venture Capital,Information Technology
Foxintelligence,Romain Lavault,Venture Capital,Information Technology
Foxintelligence,Renaud Visage,Angel (individual),Information Technology
Foxintelligence,Tamim Jabr,Angel (individual),Information Technology
Agricool,Cyril Grislain,Angel (individual),Materials and Resources
Agricool,Pierre-Eric Leibovici,Venture Capital,Materials and Resources
Agricool,Henri Seydoux,Angel (individual),Materials and Resources
Agricool,Jean-Daniel Guyot,Angel (individual),Materials and Resources
anycommerce,Alexandre Azoulay,Venture Capital,Information Technology
CChiri Laser Solutions,Bruno Dupont,Venture Capital,Business Products and Services (B2B)
SigFox (Telecommunications Service Providers),Henri Seydoux,Angel (individual),Information Technology
Saagie,Laurent Dumas-Crouzillac,Venture Capital,Information Technology
Fidzup,Romain Vidal,Venture Capital,Business Products and Services (B2B)
Fidzup,Philippe Besnard,Angel (individual),Business Products and Services (B2B)
Agryco,Pauline Roux,Venture Capital,Consumer Products and Services (B2C)
UroMems,Celia Hart,Venture Capital,Healthcare
UroMems,Rainer Strohmenger,Venture Capital,Healthcare
Salezeo,Cyril Grislain,Angel (individual),Information Technology
Salezeo,Michel Meyer,Angel (individual),Information Technology
Salezeo,Xavier Gury,Angel (individual),Information Technology
Laboté,Antoine Fine,Venture Capital,Consumer Products and Services (B2C)
Family Twist,Didier Chambard,Angel (individual),Consumer Products and Services (B2C)
Family Twist,Jean Gore,Angel (individual),Consumer Products and Services (B2C)
CorWave,Antoine Papiernik,Venture Capital,Healthcare
CorWave,Josep Sanfeliu,Venture Capital,Healthcare
MWM,Jean-François Carré,Angel (individual),Information Technology
MWM,Marc Jalabert,Angel (individual),Information Technology
MWM,Martin Solveig,Angel (individual),Information Technology
MWM,Stephane Bohbot,Angel (individual),Information Technology
Dynacure,Remi Droller,Venture Capital,Healthcare
Flash BioSolutions,Franck Lescure,Venture Capital,Healthcare
Flash BioSolutions,Isabelle de Baillenx,Venture Capital,Healthcare
Prophesee,Nicolas Autret,Angel (individual),Information Technology
Dynamo (Paris),Camille Kriebitzsch,Venture Capital,Consumer Products and Services (B2C)
Le Slip Francais,Emanuele Levi,Venture Capital,Consumer Products and Services (B2C)
Selency,Luciana Lixandru,Venture Capital,Consumer Products and Services (B2C)
Selency,Julien Codorniou,Angel (individual),Consumer Products and Services (B2C)
Selency,Thierry Petit,Angel (individual),Consumer Products and Services (B2C)
Adyoulike,Philippe Herbert,Venture Capital,Business Products and Services (B2B)
ImCheck Therapeutics,Remi Droller,Venture Capital,Healthcare
Oh My Cream,Camille Kriebitzsch,Venture Capital,Consumer Products and Services (B2C)
RefundMyTicket.Net,André Raoul,Venture Capital,Consumer Products and Services (B2C)
ContentSquare,Anthony Zappalà,Venture Capital,Information Technology
PopChef,Jacques-Antoine Granjon,Angel (individual),Consumer Products and Services (B2C)
PopChef,Marc Simoncini,Angel (individual),Consumer Products and Services (B2C)
PopChef,Thibaud Elziere,Angel (individual),Consumer Products and Services (B2C)
PopChef,Xavier Niel,Angel (individual),Consumer Products and Services (B2C)
Influence4you,Benoît Sillard,Angel (individual),Information Technology
Influence4you,Fa Sharp,Angel (individual),Information Technology
Kayentis,Franck Noiret,Venture Capital,Healthcare
MATHYM,Gilles Alberici,Venture Capital,Healthcare
MD Start,Denis Lucquin,Venture Capital,Business Products and Services (B2B)
Bagel Corner,David Borgel,Angel (individual),Consumer Products and Services (B2C)
Bagel Corner,Francis Viriot,Angel (individual),Consumer Products and Services (B2C)
Bagel Corner,Arnaud Delattre,Venture Capital,Consumer Products and Services (B2C)
Boxtal,Marion Chanéac,Venture Capital,Information Technology
Coorpacademy,Philippe Hayat,Venture Capital,Business Products and Services (B2B)
Ieva Group,Stéphane Simoncini,Venture Capital,Consumer Products and Services (B2C)
Linkfluence,Dominique Rencurel,Venture Capital,Information Technology
PayFit,Bruno Raillard,Venture Capital,Information Technology
PayFit,Geoffroy Roux de Bézieux,Angel (individual),Information Technology
PayFit,Jean-Daniel Guyot,Angel (individual),Information Technology
PayFit,Oleg Tscheltzoff,Angel (individual),Information Technology
PayFit,Xavier Niel,Angel (individual),Information Technology
Climb (Financial Software),Celine Lazorthes,Angel (individual),Information Technology
Climb (Financial Software),Eduardo Ronzano,Angel (individual),Information Technology
Climb (Financial Software),Xavier Niel,Venture Capital,Information Technology
Climb (Financial Software),Nicolas Steegmann,Angel (individual),Information Technology
Climb (Financial Software),Thibaud Elziere,Angel (individual),Information Technology
Deliver.ee,Alexandre Azoulay,Venture Capital,Information Technology
ViewPay,François Paulus,Venture Capital,Information Technology
Shadow (Application Software),Michael Benabou,Angel (individual),Information Technology
Shadow (Application Software),Nopporn Suppipat,Angel (individual),Information Technology
Shadow (Application Software),Pierre Kosciusko Morizet,Angel (individual),Information Technology
BonneGueule,Thierry Petit,Angel (individual),Consumer Products and Services (B2C)
Sowefund,Bernard Kirsch,Angel (individual),Financial Services
Sowefund,Didier Valet,Angel (individual),Financial Services
Sowefund,Fabio Mondini,Angel (individual),Financial Services
DomRaider,Jean-Jacques Jurus,Venture Capital,Information Technology
EasyBroadcast,Jérôme Guéret,Venture Capital,Information Technology
Gens De Confiance,Romain Lavault,Venture Capital,Business Products and Services (B2B)
Lydia,Cyril Bertrand,Venture Capital,Information Technology
Klaxoon,Cyrill Karray,Angel (individual),Information Technology
Klaxoon,Patrice Hutin,Venture Capital,Information Technology
Klaxoon,Eric Martineau-Fortin,Venture Capital,Information Technology
Klaxoon,Xavier Gury,Angel (individual),Information Technology
Klaxoon,Xavier Niel,Angel (individual),Information Technology
PulseSight Therapeutics,Catherine Boule,Venture Capital,Healthcare
PulseSight Therapeutics,Ohad Hammer,Venture Capital,Healthcare
Nexdot,Olivier Bordelanne,Venture Capital,Information Technology
Nexdot,François-Xavier Anscutter,Angel (individual),Information Technology
Nexdot,Olivier Dubuisson,Venture Capital,Information Technology
Zenly,Peter Fenton,Venture Capital,Information Technology
Zenly,Jerry Murdock,Angel (individual),Information Technology
Zenly,Xavier Niel,Angel (individual),Information Technology
Atawey,Julien Le Drogo,Venture Capital,Energy
Poteau,Charles-Hubert de Chaudenay,Angel (individual),Information Technology
Poteau,Damien Vincent,Angel (individual),Information Technology
Poteau,Julien Foussard,Angel (individual),Information Technology
Poteau,Michael Benabou,Angel (individual),Information Technology
Poteau,Pierre Kosciusko Morizet,Angel (individual),Information Technology
FoodChéri,Jose del Barrio,Venture Capital,Consumer Products and Services (B2C)
Meiogenix,Thierry Laugel,Venture Capital,Materials and Resources
StarOfService,Andrea Piccioni,Angel (individual),Consumer Products and Services (B2C)
StarOfService,Francis Nappez,Angel (individual),Consumer Products and Services (B2C)
StarOfService,Frédéric Mazzella,Angel (individual),Consumer Products and Services (B2C)
StarOfService,Klaus Nyengaard,Angel (individual),Consumer Products and Services (B2C)
StarOfService,Mariusz Gralewski,Angel (individual),Consumer Products and Services (B2C)
StarOfService,Mathias Ockenfels,Venture Capital,Consumer Products and Services (B2C)
StarOfService,Silvio Pagliani,Angel (individual),Consumer Products and Services (B2C)
Utocat,Herve Cuviliez,Venture Capital,Information Technology
Yescapa,Damien Grulier,Angel (individual),Consumer Products and Services (B2C)
Mimesys,Frank Bekkers,Angel (individual),Information Technology
Mimesys,Jan Van Gael,Angel (individual),Information Technology
Mimesys,Koen Desmedt,Angel (individual),Information Technology
Mimesys,Theodoor Vanheusden,Angel (individual),Information Technology
Nomad Education,Alain Rausher,Angel (individual),Information Technology
Nomad Education,Philippe Yonnet,Angel (individual),Information Technology
Nomad Education,Samuel Tual,Angel (individual),Information Technology
H4D,Valéry Huot,Venture Capital,Healthcare
OpenClassrooms,Guillaume Aubin,Venture Capital,Information Technology
OpenClassrooms,Xavier Niel,Venture Capital,Information Technology
TVTY,Francois Tison,Venture Capital,Business Products and Services (B2B)
TVTY,Philippe Collombel,Venture Capital,Business Products and Services (B2B)
TVTY,Raphaël Zier,Angel (individual),Business Products and Services (B2B)
TVTY,Xavier Lorphelin,Venture Capital,Business Products and Services (B2B)
Alkemics,Jacobo Abitbol,Venture Capital,Information Technology
Alkemics,Dominique Vidal,Venture Capital,Information Technology
Alkemics,Romain Lavault,Venture Capital,Information Technology
Alkemics,Xavier Lorphelin,Venture Capital,Information Technology
BlaBlaCar,Philippe Botteri,Venture Capital,Consumer Products and Services (B2C)
BlaBlaCar,Deepak Goyal,Angel (individual),Consumer Products and Services (B2C)
BlaBlaCar,Jean Kouri,Angel (individual),Consumer Products and Services (B2C)
BlaBlaCar,Ken Belotsky,Angel (individual),Consumer Products and Services (B2C)
BlaBlaCar,Michael Jarmuz,Angel (individual),Consumer Products and Services (B2C)
BlaBlaCar,Shana Smeets,Angel (individual),Consumer Products and Services (B2C)
BlaBlaCar,Willy Braun,Angel (individual),Consumer Products and Services (B2C)
Goom,Philippe Collombel,Venture Capital,Business Products and Services (B2B)
Goom,Eric Archambeau,Venture Capital,Business Products and Services (B2B)
L'Orangerie De Paris,Xavier Niel,Venture Capital,Consumer Products and Services (B2C)
L'Orangerie De Paris,Thierry Vandewalle,Angel (individual),Consumer Products and Services (B2C)
L'Orangerie De Paris,Xavier Gury,Angel (individual),Consumer Products and Services (B2C)
Merci Handy,Camille Kriebitzsch,Venture Capital,Consumer Products and Services (B2C)
Younited Financial,Xavier Niel,Venture Capital,Information Technology
Younited Financial,Pierre Kosciusko Morizet,Angel (individual),Information Technology
eLichens,Olivier Bordelanne,Venture Capital,Information Technology
eLichens,Nicolas Boulay,Venture Capital,Information Technology
Tediber,Antoine Fine,Venture Capital,Consumer Products and Services (B2C)
Casanova,Jean-Marc Bally,Venture Capital,Information Technology
Laboratoire EffiNov,Bertrand Distinguin,Venture Capital,Consumer Products and Services (B2C)
Mytrendymarket,Patrick Despagnet,Angel (individual),Consumer Products and Services (B2C)
Wizbii,Guillaume Dupont,Venture Capital,Consumer Products and Services (B2C)
Bergamotte,Eric La Bonnardiere,Angel (individual),Consumer Products and Services (B2C)
Advae,Jean-Marc Bally,Venture Capital,Information Technology
Advae,Laurent Dumas-Crouzillac,Venture Capital,Information Technology
Advae,Nicolas Louvet,Venture Capital,Information Technology
BliNK Biomedical,Thierry Laugel,Venture Capital,Healthcare
Coave Therapeutics,Leila Nicolas,Venture Capital,Healthcare
Vestiaire Collective,Claire Houry,Venture Capital,Consumer Products and Services (B2C)
Storetail Marketing Services,Bruno Kemoun,Angel (individual),Information Technology
Storetail Marketing Services,Christophe Chausson,Angel (individual),Information Technology
Storetail Marketing Services,Emmanuel Brunet,Angel (individual),Information Technology
Storetail Marketing Services,Eryck Rebbouh,Angel (individual),Information Technology
Storetail Marketing Services,Jean-David Chamboredon,Venture Capital,Information Technology
Storetail Marketing Services,Thierry Petit,Angel (individual),Information Technology
Adents,Guillaume Dupont,Venture Capital,Information Technology
Adents,Romain Vidal,Angel (individual),Information Technology
SmartAngels,Xavier Lazarus,Venture Capital,Financial Services
ClickOn (Business/Productivity Software),Antoine Freysz,Venture Capital,Information Technology
Happytal,Jean-Marc Patouillaud,Venture Capital,Healthcare
Particeep,Aymard De Scorbiac,Angel (individual),Information Technology
Particeep,Benoit Delestre,Angel (individual),Information Technology
Particeep,Jean Losco,Venture Capital,Information Technology
Particeep,Pedro Abrantes,Angel (individual),Information Technology
WayKonect,Olivier Mathiot,Angel (individual),Information Technology
WayKonect,Boris Golden,Venture Capital,Information Technology
Hapik,Antoine Fine,Venture Capital,Consumer Products and Services (B2C)
Neteven,Kjartan Rist,Venture Capital,Information Technology
Qucit,Mathieu Lefèvre,Angel (individual),Information Technology
Easybike,Jean-Marc Bally,Venture Capital,Consumer Products and Services (B2C)
Aledia,Jiong Ma,Venture Capital,Information Technology
Aledia,Alessio Beverina,Venture Capital,Information Technology
SoCloz,Rodolphe Menegaux,Venture Capital,Business Products and Services (B2B)
SoCloz,Benoît Sillard,Angel (individual),Business Products and Services (B2B)
SoCloz,Jean Losco,Angel (individual),Business Products and Services (B2B)
Brand and Celebrities,Romain Vidal,Venture Capital,Business Products and Services (B2B)
Brand and Celebrities,Jacques-Antoine Granjon,Angel (individual),Business Products and Services (B2B)
Brand and Celebrities,Xavier Niel,Angel (individual),Business Products and Services (B2B)
Cailabs,Jerome LeCoeur,Venture Capital,Information Technology
Hunteed,Laurent Termignon,Angel (individual),Business Products and Services (B2B)
Cozy (Systems and Information Management),Jérôme Faul,Venture Capital,Information Technology
Sport Heroes,Anne-Charlotte Auvray,Angel (individual),Information Technology
Sport Heroes,Bourez Bourez,Angel (individual),Information Technology
Sport Heroes,Matthew Chereau,Angel (individual),Information Technology
Sport Heroes,Olivier Brengues,Angel (individual),Information Technology
Sport Heroes,Peter Doherty,Angel (individual),Information Technology
DNA Gensee,Chloé Cohen-Aknine,Venture Capital,Healthcare
Bixi,Nicolas Boulay,Venture Capital,Consumer Products and Services (B2C)
Proximis,Nicolas Tcherdakoff,Venture Capital,Information Technology
Qualtera,Marc Fournier,Venture Capital,Business Products and Services (B2B)
Algama,Regina Hecker,Venture Capital,Consumer Products and Services (B2C)
Algama,Ka-Shing Li,Venture Capital,Consumer Products and Services (B2C)
InFlectis BioScience,Jérôme Guéret,Venture Capital,Healthcare
InFlectis BioScience,Taro Inaba,Venture Capital,Healthcare
Ixaltis,Pierre-Olivier Goineau,Angel (individual),Healthcare
Ixaltis,Jean-Briac Lesne,Venture Capital,Healthcare
Ixaltis,Paolo Siviero,Venture Capital,Healthcare
BW Ideol,Pascal Voulton,Venture Capital,Energy
Gojob,Frédéric Mazzella,Angel (individual),Business Products and Services (B2B)
Gojob,Jean-Baptiste Rudelle,Angel (individual),Business Products and Services (B2B)
Gojob,Olivier Mathiot,Angel (individual),Business Products and Services (B2B)
Gojob,Paul Duan,Angel (individual),Business Products and Services (B2B)
Gojob,Pierre Kosciusko Morizet,Angel (individual),Business Products and Services (B2B)
PIQ Sport Intelligence,Alexander Galitsky,Venture Capital,Information Technology
Shift Technology,Sonali De Rycker,Venture Capital,Information Technology
Shift Technology,Philippe Gire,Venture Capital,Information Technology
Evaneos,Christophe Raynaud,Venture Capital,Consumer Products and Services (B2C)
Inqom,Alexandre Azoulay,Venture Capital,Information Technology
Sparkow,Didier Moret,Venture Capital,Information Technology
Sparkow,Cyril Bertrand,Venture Capital,Information Technology
Kolibree,Vincent Deltrieu,Venture Capital,Consumer Products and Services (B2C)
Kolibree,Cyril Ebersweiler,Venture Capital,Consumer Products and Services (B2C)
Argosim,Daniel Pilaud,Venture Capital,Information Technology
Argosim,Gwenaël Hamon,Venture Capital,Information Technology
Drivy (Automotive),Jacobo Abitbol,Venture Capital,Consumer Products and Services (B2C)
Drivy (Automotive),Martin Mignot,Venture Capital,Consumer Products and Services (B2C)
Drivy (Automotive),Bo Ilsøe,Venture Capital,Consumer Products and Services (B2C)
NumWorks,Fred Potter,Angel (individual),Consumer Products and Services (B2C)
NumWorks,Jean-David Chamboredon,Angel (individual),Consumer Products and Services (B2C)
NumWorks,Jean-Fabrice Mathieu,Angel (individual),Consumer Products and Services (B2C)
NumWorks,Xavier Niel,Venture Capital,Consumer Products and Services (B2C)
NumWorks,Pierre Kosciusko Morizet,Angel (individual),Consumer Products and Services (B2C)
Actronika,Didier Piccino,Venture Capital,Information Technology
BnbSitter,Frédéric Mazzella,Angel (individual),Consumer Products and Services (B2C)
October,Philippe Collombel,Venture Capital,Financial Services
Enterome,Johan Kordel,Venture Capital,Healthcare
Enterome,Isabelle de Cremoux,Venture Capital,Healthcare
Apizee,Nicolas Landrin,Venture Capital,Information Technology
Hawk (Media and Information Services B2B),Edouard Cassini,Venture Capital,Business Products and Services (B2B)
Fizen,Aude Kermarrec,Venture Capital,Information Technology
Homerez,David Roche,Angel (individual),Consumer Products and Services (B2C)
Homerez,Frederic Halley,Angel (individual),Consumer Products and Services (B2C)
Homerez,Nicolas Brumelot,Angel (individual),Consumer Products and Services (B2C)
Homerez,Pablo Szefner,Angel (individual),Consumer Products and Services (B2C)
Homerez,Bartosz Jakubowski,Venture Capital,Consumer Products and Services (B2C)
Biomodex,Valéry Huot,Venture Capital,Healthcare
Goodays,Romain Vidal,Venture Capital,Information Technology
MedDay Pharmaceuticals,Chahra Louafi,Venture Capital,Healthcare
MedDay Pharmaceuticals,Rafaele Tordjman,Venture Capital,Healthcare
Zenpark,Frédéric Mazzella,Angel (individual),Consumer Products and Services (B2C)
Les Bateaux Bordelais,Bernard Magrez,Angel (individual),Consumer Products and Services (B2C)
AntVoice,Charles Letourneur,Venture Capital,Business Products and Services (B2B)
AntVoice,Laurent Dumas-Crouzillac,Venture Capital,Business Products and Services (B2B)
DialOnce,Eric Buatois,Venture Capital,Information Technology
DialOnce,Jean Bourcereau,Venture Capital,Information Technology
ManoMano,Leon Ge,Angel (individual),Consumer Products and Services (B2C)
ManoMano,Philippe Collombel,Venture Capital,Consumer Products and Services (B2C)
Expway,Valéry Huot,Venture Capital,Information Technology
Expway,Nicolas Boulay,Venture Capital,Information Technology
Expway,Francoise Lohezic,Venture Capital,Information Technology
Aqualeg,Jérôme Guéret,Venture Capital,Healthcare
MaaT Pharma,Karine Lignel,Venture Capital,Healthcare
MaaT Pharma,Isabelle de Cremoux,Venture Capital,Healthcare
Zenly,Stéphanie Hospital,Venture Capital,Information Technology
Zenly,Romain Cottard,Angel (individual),Information Technology
Zenly,Solomon Hykes,Angel (individual),Information Technology
Zenly,Tony Jamous,Angel (individual),Information Technology
Zenly,Xavier Niel,Angel (individual),Information Technology
TheAgent,Martin Genot,Venture Capital,Business Products and Services (B2B)
JulieDesk,Renaud Guillerm,Venture Capital,Information Technology
Intersec,Guillaume Dhee,Venture Capital,Information Technology
Intersec,Laurence Garrett,Venture Capital,Information Technology
Intersec,Jérôme Faul,Venture Capital,Information Technology
LesHabitués,Hilaire Le Gouellec de Schwarz,Angel (individual),Information Technology
WeMoms,Alexis Bonillo,Angel (individual),Information Technology
WeMoms,Antoine Martin,Angel (individual),Information Technology
WeMoms,David Amsellem,Angel (individual),Information Technology
WeMoms,Fabrice Grinda,Angel (individual),Information Technology
WeMoms,Jacques Veyrat,Angel (individual),Information Technology
WeMoms,Thibault Elziere,Angel (individual),Information Technology
Entomo Farm,Jean-Philippe Bour,Angel (individual),Materials and Resources
Entomo Farm,Stéphane Zittoun,Angel (individual),Materials and Resources
Kemiwatt,Leila Nicolas,Venture Capital,Business Products and Services (B2B)
Kemiwatt,Pierre-Yves Divet,Angel (individual),Business Products and Services (B2B)
Olygose,Jerome Samson,Venture Capital,Healthcare
Olygose,Eric Marty,Venture Capital,Healthcare
Olygose,Philippe Durieux,Venture Capital,Healthcare
IKO System,Nicolas Tcherdakoff,Venture Capital,Information Technology
GoBeep (Media and Information Services (B2B)),Guillaume Paoli,Angel (individual),Business Products and Services (B2B)
KissKissBankBank,Cyril Bertrand,Venture Capital,Financial Services
DigiSchool,Bernard Kirsch,Angel (individual),Information Technology
DigiSchool,Clément Cézard,Angel (individual),Information Technology
MDoloris Medical Systems,Helene Cannard,Venture Capital,Healthcare
Tellmeplus,Dmitry Chikhachev,Venture Capital,Information Technology
Tellmeplus,Alain Caffi,Venture Capital,Information Technology
Ouistock,Angélique Gérard,Angel (individual),Consumer Products and Services (B2C)
Ouistock,Francis Nappez,Angel (individual),Consumer Products and Services (B2C)
Ouistock,Gonzague de la Tournelle,Angel (individual),Consumer Products and Services (B2C)
Ouistock,Herve Cuviliez,Venture Capital,Consumer Products and Services (B2C)
Beepings,Francois Garcia,Angel (individual),Information Technology
La Belle Assiette,Benoît Bassi,Angel (individual),Consumer Products and Services (B2C)
La Belle Assiette,Francois Bergerault,Angel (individual),Consumer Products and Services (B2C)
La Belle Assiette,Frédéric de Bourguet,Angel (individual),Consumer Products and Services (B2C)
La Belle Assiette,Guillaume Cussac,Angel (individual),Consumer Products and Services (B2C)
La Belle Assiette,Guillaume Cuvelier,Angel (individual),Consumer Products and Services (B2C)
La Belle Assiette,Jean Sébastien Bompoil,Angel (individual),Consumer Products and Services (B2C)
La Belle Assiette,Laurent Benhamou,Angel (individual),Consumer Products and Services (B2C)
La Belle Assiette,Laurent Plantier,Angel (individual),Consumer Products and Services (B2C)
La Belle Assiette,Nicolas Bergerault,Angel (individual),Consumer Products and Services (B2C)
La Belle Assiette,Nicolas Bourdin,Angel (individual),Consumer Products and Services (B2C)
La Belle Assiette,Stephen Judson,Angel (individual),Consumer Products and Services (B2C)
La Belle Assiette,Thibaud Elziere,Angel (individual),Consumer Products and Services (B2C)
QuiToque,Jean-David Chamboredon,Venture Capital,Consumer Products and Services (B2C)
QuiToque,Nicolas d'Audiffret,Angel (individual),Consumer Products and Services (B2C)
QuiToque,Sébastien Forest,Angel (individual),Consumer Products and Services (B2C)
ENYO Pharma,Chahra Louafi,Venture Capital,Healthcare
ENYO Pharma,Jason Dinges,Venture Capital,Healthcare
ENYO Pharma,Rafaele Tordjman,Venture Capital,Healthcare
LivePepper,Alain Tingaud,Venture Capital,Information Technology
Air-Lynx,Frederic Humbert,Venture Capital,Information Technology
Wizaplace,Alain Laidet,Angel (individual),Information Technology
Alliance Miniere Responsable,Alain Mallart,Angel (individual),Materials and Resources
Alliance Miniere Responsable,Anne Lauvergeon,Angel (individual),Materials and Resources
Alliance Miniere Responsable,Edouard Louis-Dreyfus,Angel (individual),Materials and Resources
Alliance Miniere Responsable,Xavier Niel,Venture Capital,Materials and Resources
Alliance Miniere Responsable,Yannick Naud,Angel (individual),Materials and Resources
Fineheart,Maria Berkman,Venture Capital,Healthcare
MyJobCompany,Alain Sarfati,Angel (individual),Information Technology
MyJobCompany,Didier Negiar,Angel (individual),Information Technology
Eficia,Jean-Marc Bally,Venture Capital,Information Technology
Jam (Communication Software),Arthur Waller,Angel (individual),Information Technology
Jam (Communication Software),Cyril Vermeulen,Angel (individual),Information Technology
Jam (Communication Software),François Diéval,Angel (individual),Information Technology
Jam (Communication Software),Jean-Claude Boulet,Angel (individual),Information Technology
Jam (Communication Software),Olivier Dousset,Angel (individual),Information Technology
Jam (Communication Software),Pierre Kosciusko Morizet,Angel (individual),Information Technology
Jam (Communication Software),Pierre Valade,Angel (individual),Information Technology
Jam (Communication Software),Quentin de Metz,Angel (individual),Information Technology
Jam (Communication Software),Tancrède Besnard,Angel (individual),Information Technology
MesDocteurs,Romain Lavault,Venture Capital,Healthcare
Botify,Claire Houry,Venture Capital,Information Technology
Studapart,Cyril Vermeulen,Angel (individual),Information Technology
Studapart,Geoffroy Roux de Bézieux,Angel (individual),Information Technology
Studapart,Justin Ziegler,Angel (individual),Information Technology
Studapart,Pierre Kosciusko Morizet,Angel (individual),Information Technology
Le Collectionist,Dominique Vidal,Angel (individual),Consumer Products and Services (B2C)
Le Collectionist,Frédéric Halley,Angel (individual),Consumer Products and Services (B2C)
Le Collectionist,Boris Golden,Venture Capital,Consumer Products and Services (B2C)
Le Collectionist,Cyril Bertrand,Venture Capital,Consumer Products and Services (B2C)
MarieQuantier,Stéphanie Hospital,Venture Capital,Financial Services
Sunpartner Technologies,André Loesekrug-Pietri,Venture Capital,Energy
Dayuse,Cedric Barbier,Angel (individual),Consumer Products and Services (B2C)
Dayuse,Charles Petruccelli,Angel (individual),Consumer Products and Services (B2C)
Dayuse,Christophe Chausson,Angel (individual),Consumer Products and Services (B2C)
Dayuse,Jean-Marc Patouillaud,Venture Capital,Consumer Products and Services (B2C)
Dayuse,Paul Dubrule,Angel (individual),Consumer Products and Services (B2C)
Dictanova,Sophie Pellat,Venture Capital,Business Products and Services (B2B)
Dictanova,Julien Hervouët,Angel (individual),Business Products and Services (B2B)
Pylote,Franck Lescure,Venture Capital,Healthcare
Pylote,Franck Lescure,Venture Capital,Healthcare
Fioulreduc,Gilles Enguehard,Venture Capital,Energy
Fioulreduc,Thierry Roussel,Angel (individual),Energy
Même,Antoine Fine,Venture Capital,Consumer Products and Services (B2C)
Genoscience Pharma,Robert Duggan,Angel (individual),Healthcare
Innerspace VR,Marc Jackson,Venture Capital,Information Technology
Leka,Bernard Kirsch,Angel (individual),Consumer Products and Services (B2C)
Netheos,Manish Agarwal,Venture Capital,Information Technology
Shippeo,Bruno Raillard,Venture Capital,Information Technology
Shippeo,Antoine Freysz,Venture Capital,Information Technology
Whisperies,Yoann Ribay,Venture Capital,Consumer Products and Services (B2C)
Whisperies,Olivier Bernasson,Angel (individual),Consumer Products and Services (B2C)
RED Technologies,Olivier Dubuisson,Venture Capital,Information Technology
Sensewaves,Kenneth Forster,Venture Capital,Information Technology
Lelivrescolaire.fr,David Lederer,Angel (individual),Consumer Products and Services (B2C)
Lelivrescolaire.fr,Michel Picot,Angel (individual),Consumer Products and Services (B2C)
SteerFox,Armand Perrin,Venture Capital,Information Technology
Wandercraft,Valéry Huot,Venture Capital,Healthcare
Kartable,Romain Lavault,Venture Capital,Information Technology
Silicon Mobility,Pascal Vanluchene,Venture Capital,Information Technology
Tinyclues,Guillaume Aubin,Venture Capital,Information Technology
Tinyclues,Xavier Lazarus,Venture Capital,Information Technology
Tinyclues,Jean-David Chamboredon,Venture Capital,Information Technology
Clem',Yvan-Michel Ehkirch,Venture Capital,Consumer Products and Services (B2C)
Virtuo,Clément Benoit,Angel (individual),Consumer Products and Services (B2C)
Virtuo,David Amsellem,Angel (individual),Consumer Products and Services (B2C)
Virtuo,Xavier Niel,Venture Capital,Consumer Products and Services (B2C)
Virtuo,Philippe Carle,Angel (individual),Consumer Products and Services (B2C)
Virtuo,Thibaud Elziere,Angel (individual),Consumer Products and Services (B2C)
Virtuo,Xavier Niel,Angel (individual),Consumer Products and Services (B2C)
OilSystem,Johann Meynet,Venture Capital,Business Products and Services (B2B)
Goodays,Dmitry Chikhachev,Venture Capital,Information Technology
Marks,Daniel Marhely,Angel (individual),Information Technology
Marks,Jean-David Blanc,Angel (individual),Information Technology
Mazeberry,Gilles Enguehard,Venture Capital,Information Technology
Melty,Patricia Barbizet,Angel (individual),Consumer Products and Services (B2C)
Zenchef,Samantha Jérusalmy,Venture Capital,Information Technology
Zenchef,Cyril Bertrand,Venture Capital,Information Technology
Art2M,Minh Tran,Venture Capital,Business Products and Services (B2B)
InterCloud,Guillaume Dupont,Venture Capital,Information Technology
InterCloud,Jean Bourcereau,Venture Capital,Information Technology
Netatmo,Pascal Cagni,Angel (individual),Consumer Products and Services (B2C)
eXo (Business/Productivity Software),Robert Bickel,Angel (individual),Information Technology
TalentSoft,Anthony Zappalà,Venture Capital,Information Technology
Clustree,Raffi Kamber,Venture Capital,Business Products and Services (B2B)
Eval&GO,Philippe Darses,Angel (individual),Information Technology
PayFit,Jean De La Rochebrochard,Venture Capital,Information Technology
PayFit,Thibaud Elziere,Angel (individual),Information Technology
Quanta IO,Denis Lafont-Trévisan,Angel (individual),Information Technology
Quanta IO,Guillaume Alabert,Angel (individual),Information Technology
Quanta IO,Xavier Niel,Venture Capital,Information Technology
Afyren,Michael Krel,Venture Capital,Healthcare
Doctolib,Philippe Botteri,Venture Capital,Healthcare
Doctolib,Olivier Occelli,Venture Capital,Healthcare
Pandacraft,Pauline Roux,Venture Capital,Consumer Products and Services (B2C)
Pandacraft,Herve Cuviliez,Venture Capital,Consumer Products and Services (B2C)
Pandacraft,Margaret Milan,Angel (individual),Consumer Products and Services (B2C)
Mimesis Republic,Jérémie Berrebi,Angel (individual),Information Technology
Mimesis Republic,Xavier Niel,Venture Capital,Information Technology
Alcuin Software,Eric Cozanet,Venture Capital,Business Products and Services (B2B)
Expway,Valéry Huot,Venture Capital,Information Technology
Expway,Nicolas Boulay,Venture Capital,Information Technology
Expway,Francoise Lohezic,Venture Capital,Information Technology
iAdvize,Charles Letourneur,Venture Capital,Information Technology
VuLog,Fabrice Bienfait,Venture Capital,Information Technology
WYZ Group,Edouard Cassini,Venture Capital,Business Products and Services (B2B)
FoodChéri,Anthony Ravau,Angel (individual),Consumer Products and Services (B2C)
AlloMedia,Frédéric De Belloy,Angel (individual),Information Technology
AlloMedia,Xavier Niel,Angel (individual),Information Technology
Krono-Safe,Clement Combal,Venture Capital,Information Technology
Krono-Safe,Jean-Pierre Humbert,Venture Capital,Information Technology
Nickel (Charenton-Le-Pont),Philippe Collombel,Venture Capital,Information Technology
Happn,Charles Letourneur,Venture Capital,Information Technology
Happn,Fabrice Grinda,Angel (individual),Information Technology
Happn,Gil Penchina,Angel (individual),Information Technology
Happn,Julien Coustaury,Angel (individual),Information Technology
Biom'Up,Casper Breum,Venture Capital,Healthcare
SunTrade Travel,Ivan Michal,Venture Capital,Information Technology
PeopleDoc,Philippe Botteri,Venture Capital,Information Technology
PeopleDoc,Charles Letourneur,Venture Capital,Information Technology
Paymium,Stephane Philipakis,Angel (individual),Information Technology
Retency,Geraldine Le Meur,Angel (individual),Information Technology
Retency,Bernard Roques,Venture Capital,Information Technology
Air Indemnité,Emmanuel Gaude,Venture Capital,Consumer Products and Services (B2C)
Artheos Group,Gwenaël Hamon,Venture Capital,Business Products and Services (B2B)
Marbotic,Arnaud Vinciguerra,Angel (individual),Consumer Products and Services (B2C)
SPVIE Assurances,Alexis Collon,Venture Capital,Financial Services
Conztanz,Laurent Vernier,Venture Capital,Information Technology
Actvt,Yvan-Michel Ehkirch,Venture Capital,Information Technology
Sequoia (Services (B2C Non-Financial)),Alexandre Azoulay,Venture Capital,Consumer Products and Services (B2C)
TravelCar,Pierre-Antoine Durgeat,Angel (individual),Consumer Products and Services (B2C)
Lengow,Guillaume Aubin,Venture Capital,Information Technology
Yooji,Jerome Samson,Venture Capital,Consumer Products and Services (B2C)
MaaT Pharma,Isabelle de Cremoux,Venture Capital,Healthcare
Mailjet,Raffi Kamber,Venture Capital,Information Technology
Mailjet,Thibaud Elziere,Angel (individual),Information Technology
8sec,Jean-David Blanc,Angel (individual),Information Technology
8sec,Oleg Tscheltzoff,Angel (individual),Information Technology
1001Pharmacies,Olivier Mathiot,Angel (individual),Consumer Products and Services (B2C)
1001Pharmacies,Pierre Kosciusko Morizet,Angel (individual),Consumer Products and Services (B2C)
1001Pharmacies,Xaviel Niel,Angel (individual),Consumer Products and Services (B2C)
Clic and Walk,François Paulus,Venture Capital,Information Technology
Genymobile,Raffi Kamber,Venture Capital,Information Technology
Waga Energy,Arnaud Delattre,Venture Capital,Business Products and Services (B2B)
SlimPay,Sake Bosch,Venture Capital,Information Technology
Famoco,Geoffroy Bragadir,Venture Capital,Information Technology
Talent.io,Guillaume Aubin,Venture Capital,Business Products and Services (B2B)
Talent.io,Celine Lazorthes,Angel (individual),Business Products and Services (B2B)
Talent.io,Pauline Roux,Venture Capital,Business Products and Services (B2B)
Mirakl,Laurel Bowden,Venture Capital,Information Technology
Mirakl,Anthony Deighton,Angel (individual),Information Technology
Mirakl,Carsten Thoma,Angel (individual),Information Technology
Mirakl,Dave Strohm,Angel (individual),Information Technology
Mirakl,Ed Coke,Angel (individual),Information Technology
Mirakl,Xavier Lazarus,Venture Capital,Information Technology
Mirakl,Frederic Court,Venture Capital,Information Technology
Mirakl,Laurent Dassault,Angel (individual),Information Technology
Mirakl,Thomas Ebling,Angel (individual),Information Technology
365c,Marc Fournier,Venture Capital,Consumer Products and Services (B2C)
FabZat,Jérémie Berrebi,Venture Capital,Consumer Products and Services (B2C)
FabZat,Laurent Delaporte,Angel (individual),Consumer Products and Services (B2C)
Horizontal Software,Bernard Roques,Venture Capital,Information Technology
LeDiet,Guillaume Connan,Venture Capital,Consumer Products and Services (B2C)
Web Geo Services,Ludovic Denis,Angel (individual),Information Technology
Web Geo Services,David Manjarres,Venture Capital,Information Technology
Adents,Guillaume Dupont,Venture Capital,Information Technology
Infinite Vision Optics,Jean-Marc Le Doussal,Venture Capital,Healthcare
TextMaster,Rodolphe Menegaux,Venture Capital,Business Products and Services (B2B)
TextMaster,Fabrice Grinda,Angel (individual),Business Products and Services (B2B)
TextMaster,Jean-Baptiste Dumont,Venture Capital,Business Products and Services (B2B)
Exagan,Stéphane Simoncini,Venture Capital,Business Products and Services (B2B)
Exagan,Vincent Deltrieu,Venture Capital,Business Products and Services (B2B)
Ownpage,Jean-Philippe Zoghbi,Venture Capital,Business Products and Services (B2B)
Cheerz,Julien Codorniou,Angel (individual),Consumer Products and Services (B2C)
Cheerz,Xavier Niel,Angel (individual),Consumer Products and Services (B2C)
Devialet,Jacques-Antoine Granjon,Angel (individual),Consumer Products and Services (B2C)
Devialet,Marc Simoncini,Angel (individual),Consumer Products and Services (B2C)
Devialet,Xavier Niel,Angel (individual),Consumer Products and Services (B2C)
Rediv,Damien Grulier,Angel (individual),Consumer Products and Services (B2C)
Rediv,Francis Nappez,Angel (individual),Consumer Products and Services (B2C)
Rediv,Frédéric Mazzella,Angel (individual),Consumer Products and Services (B2C)
Actility,Dominique Pitteloud,Venture Capital,Information Technology
Actility,Jean Francois Fourt,Venture Capital,Information Technology
L'Alveare Che Dice Sì,Frederic Court,Venture Capital,Consumer Products and Services (B2C)
L'Alveare Che Dice Sì,Lisa Gansky,Angel (individual),Consumer Products and Services (B2C)
L'Alveare Che Dice Sì,Martin Mignot,Angel (individual),Consumer Products and Services (B2C)
L'Alveare Che Dice Sì,Frederick Wilson,Venture Capital,Consumer Products and Services (B2C)
Smallable,Rodolphe Menegaux,Venture Capital,Consumer Products and Services (B2C)
Smallable,Guillaume Hemmerle,Venture Capital,Consumer Products and Services (B2C)
Vekia,Romain Vidal,Venture Capital,Information Technology
Vekia,Laurent Vernier,Venture Capital,Information Technology
PayinTech,Yvan-Michel Ehkirch,Venture Capital,Information Technology
English Attack,Yvan-Michel Ehkirch,Venture Capital,Information Technology
Believe,John Rosenberg,Venture Capital,Consumer Products and Services (B2C)
Believe,Rodolphe Menegaux,Venture Capital,Consumer Products and Services (B2C)
Myopowers,Philippe Pouletty,Venture Capital,Healthcare
à la table de Mathilde,Guillaume Hemmerle,Venture Capital,Consumer Products and Services (B2C)
Defacto Technologies,Jerome LeCoeur,Venture Capital,Information Technology
VitamFero,Jean-Guy Sarrazin,Venture Capital,Healthcare
VitamFero,Jean-Baptiste Cuisinier,Venture Capital,Healthcare
VitamFero,Leila Nicolas,Venture Capital,Healthcare
VitamFero,Catherine Boule,Venture Capital,Healthcare
Sublime (Media and Information Services),Frédéric Montagnon,Angel (individual),Information Technology
Sublime (Media and Information Services),Pierre Martini,Venture Capital,Information Technology
Freeness,Christophe Camilleri,Venture Capital,Consumer Products and Services (B2C)
Pydio,Fabien Potencier,Angel (individual),Information Technology
Pydio,Philippe Bourcier,Angel (individual),Information Technology
Biosims Technologies,Bruno Guicheux,Venture Capital,Healthcare
Izberg,Raffi Kamber,Venture Capital,Information Technology
Malt,Jean-David Chamboredon,Venture Capital,Business Products and Services (B2B)
Malt,Jérôme Caille,Angel (individual),Business Products and Services (B2B)
BodyCap,Bruno Guicheux,Venture Capital,Healthcare
Kobojo,Dominique Pitteloud,Venture Capital,Information Technology
Kobojo,Guillaume Lautour,Angel (individual),Information Technology
Kobojo,Martyn Holman,Venture Capital,Information Technology
BrainEver,Chahra Louafi,Venture Capital,Healthcare
Atelier Nubio,Edouard Nattée,Angel (individual),Consumer Products and Services (B2C)
Resolution Spectra Systems,Philippe Mere,Venture Capital,Healthcare
Robocath,Bruno Guicheux,Venture Capital,Healthcare
Force A,Jean-Baptiste Cuisinier,Venture Capital,Information Technology
Force A,Timothy Vander Elst,Venture Capital,Information Technology
Digitaleo,Pierre Martini,Venture Capital,Business Products and Services (B2B)
Biboard,Rémi Berthier,Venture Capital,Information Technology
Biboard,Guillaume Hemmerle,Venture Capital,Information Technology
Apix Analytics,Olivier Bordelanne,Venture Capital,Energy
Apix Analytics,Mathieu Viallard,Venture Capital,Energy
Kwaga,Minh Tran,Venture Capital,Information Technology
Albert Learning,Christophe Montague,Venture Capital,Information Technology
RendezvousCheznous,Sauveur Cascone,Venture Capital,Information Technology
Streamdata.io,Bruno Rivet,Venture Capital,Information Technology
Drivy (Automotive),Jeremy Uzan,Venture Capital,Consumer Products and Services (B2C)
Eligo Bioscience,Isabelle de Cremoux,Venture Capital,Healthcare
Balyo,Sebastien Groyer,Venture Capital,Information Technology
StarOfService,Jérémie Berrebi,Venture Capital,Consumer Products and Services (B2C)
StarOfService,Klaus Nyengaard,Angel (individual),Consumer Products and Services (B2C)
StarOfService,Oleg Tscheltzoff,Angel (individual),Consumer Products and Services (B2C)
StarOfService,Mathias Ockenfels,Venture Capital,Consumer Products and Services (B2C)
StarOfService,Ralph Werner,Angel (individual),Consumer Products and Services (B2C)
Augure,Xavier Lorphelin,Venture Capital,Business Products and Services (B2B)
Augure,Alain Caffi,Venture Capital,Business Products and Services (B2B)
MyFox,John-Jacques Bertrand,Venture Capital,Information Technology
Heetch,François Meteyer,Venture Capital,Consumer Products and Services (B2C)
Orthodidacte,Isabelle de Baillenx,Venture Capital,Information Technology
Unilend,Jean Bourcereau,Venture Capital,Information Technology
La Valériane,Jérémie Rosseli,Angel (individual),Healthcare
Pherecydes Pharma,Emmanuelle Coutanceau,Venture Capital,Healthcare
Alizé Pharma,Gilles Alberici,Venture Capital,Healthcare
Adomik,Xavier Lazarus,Venture Capital,Information Technology
Selectionnist,Pauline Roux,Venture Capital,Information Technology
Enerbee,Francois Tison,Venture Capital,Energy
Enerbee,Jean-Philippe Gendre,Venture Capital,Energy
Agryco,Pauline Roux,Venture Capital,Consumer Products and Services (B2C)
Agryco,Olivier Mathiot,Angel (individual),Consumer Products and Services (B2C)
Alkemics,Francis Nappez,Angel (individual),Information Technology
Alkemics,Frank Le Ouay,Angel (individual),Information Technology
Alkemics,Dominique Vidal,Venture Capital,Information Technology
Alkemics,Romain Lavault,Venture Capital,Information Technology
Alkemics,Renaud Visage,Angel (individual),Information Technology
CEETIZ,Charles Petruccelli,Angel (individual),Consumer Products and Services (B2C)
CEETIZ,Jacques-Antoine Granjon,Angel (individual),Consumer Products and Services (B2C)
Easyrecrue,Pauline Roux,Venture Capital,Information Technology
Netwave,Philippe Herbert,Venture Capital,Information Technology
WatchFrog,Catherine Boule,Venture Capital,Healthcare
Coave Therapeutics,Jean-Pascal Conduzorgues,Angel (individual),Healthcare
Genourob,Bertrand Distinguin,Venture Capital,Healthcare
Molotov,Oleg Tscheltzoff,Angel (individual),Consumer Products and Services (B2C)
Overade,Gilles Vacher,Venture Capital,Consumer Products and Services (B2C)
Mobeye,Philippe Reboul,Angel (individual),Business Products and Services (B2B)
Caviar De Neuvic,Nizar El Hachem,Venture Capital,Materials and Resources
PriceMatch,Romain Lavault,Venture Capital,Information Technology
SigFox (Telecommunications Service Providers),Philippe Gire,Venture Capital,Information Technology
SigFox (Telecommunications Service Providers),Jean-Marc Patouillaud,Venture Capital,Information Technology
EyeBrain,Jérôme Snollaerts,Venture Capital,Healthcare
Lucky Cart,Nicolas El Baze,Venture Capital,Business Products and Services (B2B)
ScaleX Invest,Alexandre Ichaï,Angel (individual),Business Products and Services (B2B)
EZ-Wheel,Andreas Richter,Venture Capital,Business Products and Services (B2B)
POM Monitoring,Ivan Michal,Venture Capital,Information Technology
Kiwup,Jérémie Berrebi,Venture Capital,Business Products and Services (B2B)
BW Ideol,Jacques Boulesteix,Venture Capital,Energy
BW Ideol,Pascal Voulton,Venture Capital,Energy
JobTeaser,Jonathan Sabban,Venture Capital,Consumer Products and Services (B2C)
Zenpark,André Raoul,Venture Capital,Consumer Products and Services (B2C)
Kapten,Cyril Bertrand,Venture Capital,Consumer Products and Services (B2C)
Diafir,Bertrand Distinguin,Venture Capital,Healthcare
Diafir,Laurent Calvez,Angel (individual),Healthcare
Diafir,Xiang-Hua Zhang,Angel (individual),Healthcare
Genkyotex,Claudio Nessi,Venture Capital,Healthcare
Genkyotex,Stéphane Verdood,Venture Capital,Healthcare
IN'OYA Laboratoire,Armand Perrin,Venture Capital,Consumer Products and Services (B2C)
Editag,Sauveur Cascone,Venture Capital,Information Technology
Goodeed,Jean-Pierre Chessé,Venture Capital,Business Products and Services (B2B)
Orphalan,Kaasim Mahmood,Venture Capital,Healthcare
Orphalan,Alain Rodermann,Angel (individual),Healthcare
The Assets,Alexandre Mironesco,Angel (individual),Business Products and Services (B2B)
Happn,Charles Letourneur,Venture Capital,Information Technology
Happn,Fabrice Grinda,Angel (individual),Information Technology
Happn,Paul Holliman,Angel (individual),Information Technology
Chipsmarket,Olivier Dubuisson,Venture Capital,Information Technology
QOS Energy,Jérôme Guéret,Venture Capital,Information Technology
Ynsect,Matthieu Vermersch,Venture Capital,Materials and Resources
BliNK Biomedical,Thierry Laugel,Venture Capital,Healthcare
Agorize,Christian Siegele,Venture Capital,Information Technology
Easybike,Jean-Marc Bally,Venture Capital,Consumer Products and Services (B2C)
Trainline (UK),Jeremy Uzan,Venture Capital,Information Technology
Trainline (UK),Martin Mignot,Venture Capital,Information Technology
Trainline (UK),Xavier Niel,Angel (individual),Information Technology
Neowave,Armand Perrin,Venture Capital,Information Technology
Target First,Gerard Keraval,Angel (individual),Information Technology
Target First,John Queffélec,Angel (individual),Information Technology
Doctolib,Olivier Occelli,Venture Capital,Healthcare
Lydia,Harold Mechelynck,Angel (individual),Information Technology
Lydia,Jean Zurstrassen,Angel (individual),Information Technology
Lydia,Cyril Bertrand,Venture Capital,Information Technology
Qualtera,Marc Fournier,Venture Capital,Business Products and Services (B2B)
MonEden,Jean-Baptiste Cuisinier,Venture Capital,Consumer Products and Services (B2C)
Finexkap,John Donovan,Angel (individual),Information Technology
Finexkap,Alexandre Azoulay,Venture Capital,Information Technology
easyLi,Joel Mazet,Venture Capital,Energy
Feeligreen,Vincent Deltrieu,Venture Capital,Healthcare
Intersec,Guillaume Dhee,Venture Capital,Information Technology
Intersec,Laurence Garrett,Venture Capital,Information Technology
Intersec,Jérôme Faul,Venture Capital,Information Technology
Menlook Group,Dominique Rencurel,Venture Capital,Consumer Products and Services (B2C)
Menlook Group,Philippe Collombel,Venture Capital,Consumer Products and Services (B2C)
October,Philippe Collombel,Venture Capital,Financial Services
Carlina Technologies,Bertrand Distinguin,Venture Capital,Healthcare
Agence42,Stephane Traumat,Venture Capital,Business Products and Services (B2B)
Remix Community,Alexandre Battle,Angel (individual),Business Products and Services (B2B)
Remix Community,Evelyne Kuoh,Angel (individual),Business Products and Services (B2B)
Remix Community,Florian Sauvin,Angel (individual),Business Products and Services (B2B)
Remix Community,Olfa Zorgati,Angel (individual),Business Products and Services (B2B)
Bonitasoft,Philippe Granger,Venture Capital,Information Technology
Bonitasoft,Claire Houry,Venture Capital,Information Technology
PreCouture,Céline Lippi,Venture Capital,Consumer Products and Services (B2C)
Pharmaleads,Jean-Pierre Kinet,Venture Capital,Healthcare
Clustree,Raffi Kamber,Venture Capital,Business Products and Services (B2B)
Clustree,Xavier Niel,Angel (individual),Business Products and Services (B2B)
Key Neurosciences,Giacomo Bastianelli,Venture Capital,Business Products and Services (B2B)
Adikteev,Cyril Vermeulen,Angel (individual),Business Products and Services (B2B)
Adikteev,Christophe Raynaud,Venture Capital,Business Products and Services (B2B)
Adikteev,Marc Sounigo,Angel (individual),Business Products and Services (B2B)
Adikteev,Philippe Besnard,Angel (individual),Business Products and Services (B2B)
Adikteev,Thomas Pasquet,Angel (individual),Business Products and Services (B2B)
Commanders Act,Rodolphe Menegaux,Venture Capital,Information Technology
Praditus,Didier Piccino,Venture Capital,Information Technology
Élues Locales,Patrick Malka,Venture Capital,Information Technology
Akeneo,Guillaume Aubin,Venture Capital,Information Technology
CogniK,Vincent Tauzia,Angel (individual),Business Products and Services (B2B)
Argosim,Laurent Kott,Venture Capital,Information Technology
Lineazen,Jerome Samson,Venture Capital,Materials and Resources
MyFeelBack,Herve Didier,Angel (individual),Information Technology
MyFeelBack,Jean-Philippe Baert,Angel (individual),Information Technology
Wizbii,Guillaume Dupont,Venture Capital,Consumer Products and Services (B2C)
Wizbii,Laurent Metzger,Angel (individual),Consumer Products and Services (B2C)
Wizbii,Michel Meyer,Angel (individual),Consumer Products and Services (B2C)
Alizé Pharma,Gilles Alberici,Venture Capital,Healthcare
Vapio,Raffi Kamber,Venture Capital,Information Technology
Vapio,Frank Zorn,Angel (individual),Information Technology
Primo1D,Nicolas Boulay,Venture Capital,Information Technology
Be-Bound,Gonzague De Blignières,Angel (individual),Information Technology
ChicTypes,Pascal Cagni,Angel (individual),Consumer Products and Services (B2C)
ChicTypes,Pierre Kosciusko Morizet,Angel (individual),Consumer Products and Services (B2C)
Homerez,David Roche,Angel (individual),Consumer Products and Services (B2C)
Homerez,Nicolas Brumelot,Angel (individual),Consumer Products and Services (B2C)
Homerez,Pablo Szefner,Angel (individual),Consumer Products and Services (B2C)
Oledcomm,Julien Le Drogo,Venture Capital,Information Technology
Origin Investing,Alexandre Azoulay,Venture Capital,Information Technology
Keycoopt,Jean Roquette,Angel (individual),Business Products and Services (B2B)
Keycoopt,Letartre Bertrand,Angel (individual),Business Products and Services (B2B)
Keycoopt,Lucien Lesaffre,Angel (individual),Business Products and Services (B2B)
BlaBlaCar,Philippe Botteri,Venture Capital,Consumer Products and Services (B2C)
BlaBlaCar,Dominique Vidal,Venture Capital,Consumer Products and Services (B2C)
BlaBlaCar,Jean-David Chamboredon,Venture Capital,Consumer Products and Services (B2C)
Netconstat,Jérémie Berrebi,Angel (individual),Information Technology
Netconstat,Xavier Niel,Venture Capital,Information Technology
Demeta,Alexandre Ouimet-Storrs,Venture Capital,Materials and Resources
KelDoc,Jeremy Uzan,Venture Capital,Healthcare
KelDoc,Pascal Mercier,Angel (individual),Healthcare
Sabella,Eric Marty,Venture Capital,Energy
Zoomici,Isabelle Bou Antoun,Venture Capital,Consumer Products and Services (B2C)
Advae,Nicolas Louvet,Venture Capital,Information Technology
Tellmeplus,Christophe Dumoulin,Angel (individual),Information Technology
Demander Justice,Jean-Marc Patouillaud,Venture Capital,Consumer Products and Services (B2C)
Alzprotect,Philippe Moons,Venture Capital,Healthcare
MesMateriaux.com,Hugues Joubert,Venture Capital,Consumer Products and Services (B2C)
TextMaster,Rodolphe Menegaux,Venture Capital,Business Products and Services (B2B)
Deezer,Xavier Niel,Angel (individual),Information Technology
Prestodiag,Catherine Boule,Venture Capital,Healthcare
Prestodiag,Karl Naim,Angel (individual),Healthcare
Cozy (Systems and Information Management),Jérôme Faul,Venture Capital,Information Technology
Cozy (Systems and Information Management),Patrick Bertrand,Angel (individual),Information Technology
Platform.sh,Guillaume Aubin,Venture Capital,Information Technology
Platform.sh,Justin Ziegler,Angel (individual),Information Technology
ActiveEon,John Queffélec,Angel (individual),Information Technology
Delfmems,Helene Cannard,Venture Capital,Information Technology
Delfmems,André Vandemeulebroecke,Venture Capital,Information Technology
TVTY,Francois Tison,Venture Capital,Business Products and Services (B2B)
TVTY,Philippe Collombel,Venture Capital,Business Products and Services (B2B)
Fabentech,Franck Lescure,Venture Capital,Healthcare
Fabentech,Franck Lescure,Venture Capital,Healthcare
Fabentech,Gwenaël Hamon,Venture Capital,Healthcare
Fabentech,Mathieu Viallard,Venture Capital,Healthcare
Fabentech,Guillaume Hemmerle,Venture Capital,Healthcare
PeopleDoc,Philippe Botteri,Venture Capital,Information Technology
PeopleDoc,Charles Letourneur,Venture Capital,Information Technology
Wheretoget,Guillaume Aubin,Venture Capital,Consumer Products and Services (B2C)
Wheretoget,Fabrice Grinda,Angel (individual),Consumer Products and Services (B2C)
Wheretoget,Jean-Francois Caillard,Angel (individual),Consumer Products and Services (B2C)
Wheretoget,Jose Marin,Angel (individual),Consumer Products and Services (B2C)
Wheretoget,Louis Chevant,Angel (individual),Consumer Products and Services (B2C)
Wheretoget,Serge Alleyne,Angel (individual),Consumer Products and Services (B2C)
Wheretoget,Virginie Gretz,Angel (individual),Consumer Products and Services (B2C)
Orega Biotech,Isabelle Bou Antoun,Venture Capital,Healthcare
Symbio (Alternative Energy Equipment),Thomas Balland,Venture Capital,Energy
Drivy (Automotive),Jeremy Uzan,Venture Capital,Consumer Products and Services (B2C)
Drivy (Automotive),Martin Mignot,Venture Capital,Consumer Products and Services (B2C)
Enterome,Johan Kordel,Venture Capital,Healthcare
Enterome,Isabelle de Cremoux,Venture Capital,Healthcare
Twenga,Alain Tingaud,Venture Capital,Business Products and Services (B2B)
Twenga,Nicolas Autret,Venture Capital,Business Products and Services (B2B)
Celenys,Bruno Guicheux,Venture Capital,Healthcare
Amoeba,Franck Lescure,Venture Capital,Healthcare
Amoeba,Jacques Dancer,Venture Capital,Healthcare
OUAT Entertainment,Bruno Deschamps,Venture Capital,Information Technology
OUAT Entertainment,Xavier Niel,Venture Capital,Information Technology
Voluntis,Emilie Lidome,Venture Capital,Healthcare
Voluntis,Franck Noiret,Venture Capital,Healthcare
Voluntis,Olivier Dubuisson,Venture Capital,Healthcare
Voluntis,Alain Parthoens,Venture Capital,Healthcare
Eklo Hotels,Paul Dubrule,Angel (individual),Consumer Products and Services (B2C)
SmartAngels,Xavier Lazarus,Venture Capital,Financial Services
SmartAngels,Jacques-Antoine Granjon,Angel (individual),Financial Services
SmartAngels,Marc Simoncini,Angel (individual),Financial Services
SmartAngels,Olivier Mathiot,Angel (individual),Financial Services
SmartAngels,Pierre Kosciusko Morizet,Angel (individual),Financial Services
SmartAngels,Xavier Niel,Angel (individual),Financial Services
WeCook WeCare,Catherine Ball,Venture Capital,Consumer Products and Services (B2C)
E-Loue,Olivier Schatz,Angel (individual),Information Technology
E-Loue,Patrick Hoffstette,Angel (individual),Information Technology
E-Loue,Philippe Brizon,Angel (individual),Information Technology
Seiza,Dana Stalder,Venture Capital,Business Products and Services (B2B)
Seiza,Xavier Lorphelin,Venture Capital,Business Products and Services (B2B)
Annapurna Therapeutics,Chahra Louafi,Angel (individual),Healthcare
Annapurna Therapeutics,Francois Thomas,Angel (individual),Healthcare
Annapurna Therapeutics,Gianni Gromo,Angel (individual),Healthcare
Annapurna Therapeutics,Thomas Woiwode,Venture Capital,Healthcare
Atlanthera,Bertrand Distinguin,Venture Capital,Healthcare
Sunpartner Technologies,Roland Rémondet,Venture Capital,Energy
Sunpartner Technologies,Guillaume Hemmerle,Venture Capital,Energy
FittingBox,Michel Desbard,Venture Capital,Information Technology
ROK Solution,Alain Portmann,Angel (individual),Information Technology
ROK Solution,Fausto Geromel,Angel (individual),Information Technology
ROK Solution,Jean-Christophe Lorrain,Angel (individual),Information Technology
ROK Solution,Olivier Vaysse,Angel (individual),Information Technology
ROK Solution,Pierre Schick,Angel (individual),Information Technology
ROK Solution,Emmanuel Gaude,Venture Capital,Information Technology
ROK Solution,Xavier Leveugle,Angel (individual),Information Technology
Kalray,Jacques Dancer,Venture Capital,Information Technology
SP3H,Jean Francois Fourt,Venture Capital,Information Technology
PhotoAlto,Laurent Drion,Venture Capital,Business Products and Services (B2B)
Régime Dukan,Marie-Christine Levet,Venture Capital,Healthcare
Shoptimise,Amaury Amaury,Angel (individual),Information Technology
Shoptimise,Karim Helal,Angel (individual),Information Technology
AlloMedia,Eduardo Ronzano,Angel (individual),Information Technology
PopUp Immo,Moshe Koyfman,Venture Capital,Business Products and Services (B2B)
SigFox (Telecommunications Service Providers),Philippe Gire,Venture Capital,Information Technology
SigFox (Telecommunications Service Providers),Jean-Marc Patouillaud,Venture Capital,Information Technology
Cook Angels,Samantha Jérusalmy,Venture Capital,Consumer Products and Services (B2C)
Cook Angels,Olivier Mathiot,Angel (individual),Consumer Products and Services (B2C)
Cook Angels,Paul Biondi,Angel (individual),Consumer Products and Services (B2C)
Mailjet,Raffi Kamber,Venture Capital,Information Technology
Taqt,Gastón Bilder,Angel (individual),Information Technology
Inotrem,Graziano Seghezzi,Venture Capital,Healthcare
MonsieurDrive,Lara Rouyres,Angel (individual),Business Products and Services (B2B)
Linkfluence,Dominique Rencurel,Venture Capital,Information Technology
PrestaShop,Marc Fournier,Venture Capital,Information Technology
1001Pharmacies,Fabrice Couturier,Angel (individual),Consumer Products and Services (B2C)
1001Pharmacies,Jean Bego,Angel (individual),Consumer Products and Services (B2C)
1001Pharmacies,Marc Adamowicz,Angel (individual),Consumer Products and Services (B2C)
1001Pharmacies,Olivier Mathiot,Angel (individual),Consumer Products and Services (B2C)
1001Pharmacies,Sebastian Steinmetz,Angel (individual),Consumer Products and Services (B2C)
Link Care Services,Didier Moret,Venture Capital,Healthcare
SeFaireAider.com,Alain de Mendonça,Angel (individual),Consumer Products and Services (B2C)
SeFaireAider.com,Amal Amar,Angel (individual),Consumer Products and Services (B2C)
SeFaireAider.com,André Saint-Mleux,Angel (individual),Consumer Products and Services (B2C)
SeFaireAider.com,Claude Léoni,Angel (individual),Consumer Products and Services (B2C)
SeFaireAider.com,Gilles Blanchard,Angel (individual),Consumer Products and Services (B2C)
SeFaireAider.com,Luc Lechelle,Angel (individual),Consumer Products and Services (B2C)
SeFaireAider.com,Patrice Pichet,Angel (individual),Consumer Products and Services (B2C)
SeFaireAider.com,Xavier Niel,Angel (individual),Consumer Products and Services (B2C)
Qualtera,Marc Fournier,Venture Capital,Business Products and Services (B2B)
IJENKO,Eric Marty,Venture Capital,Information Technology
Advanced Accelerator Applications,Andreas Wicki,Venture Capital,Healthcare
Advanced Accelerator Applications,Sebastien Groyer,Venture Capital,Healthcare
Qualisteo,Jean-Philippe Gendre,Venture Capital,Information Technology
OuiCar,Fabienne Herlaut,Venture Capital,Consumer Products and Services (B2C)
OuiCar,Marc Simoncini,Venture Capital,Consumer Products and Services (B2C)
Foodpartners France,Patrick Ndoung,Venture Capital,Consumer Products and Services (B2C)
DealCircle (Other Financial Services),Alexander Aghassipour,Angel (individual),Financial Services
DealCircle (Other Financial Services),Karl Hampus Jakobsson,Angel (individual),Financial Services
DealCircle (Other Financial Services),Klaus Nyengaard,Angel (individual),Financial Services
DealCircle (Other Financial Services),Niels Carlsen,Venture Capital,Financial Services
OpenClassrooms,Guillaume Aubin,Venture Capital,Information Technology
Doctolib,Olivier Occelli,Venture Capital,Healthcare
Doctolib,Maxime Forgeot,Angel (individual),Healthcare
Wisembly,Guillaume Aubin,Venture Capital,Information Technology
Audebert,Pascal Fite,Venture Capital,Business Products and Services (B2B)
La Revue Parlementaire,Pascal Fite,Venture Capital,Consumer Products and Services (B2C)
OpinionWay,Emmanuel Simonneau,Venture Capital,Business Products and Services (B2B)
Oralys Group,Pascal Fite,Venture Capital,Consumer Products and Services (B2C)
SUCX,Guillaume Hemmerle,Venture Capital,Consumer Products and Services (B2C)
Will-Bridge,Emmanuel Simonneau,Venture Capital,Information Technology
WordAppeal,Emmanuel Simonneau,Venture Capital,Business Products and Services (B2B)
Vectrawave,Guillaume Hemmerle,Venture Capital,Information Technology
Aledia,Jiong Ma,Venture Capital,Information Technology
Aledia,Alessio Beverina,Venture Capital,Information Technology
Alltricks,Jean-Marc Patouillaud,Venture Capital,Consumer Products and Services (B2C)
Synthelis Biotech,Sandra Dubos,Venture Capital,Healthcare
Telerama Vodkaster,Samantha Jérusalmy,Venture Capital,Information Technology
Telerama Vodkaster,Romain Lavault,Venture Capital,Information Technology
Evaneos,Christophe Raynaud,Venture Capital,Consumer Products and Services (B2C)
Evaneos,Rodolphe Menegaux,Venture Capital,Consumer Products and Services (B2C)
BIOLIE,Julien Le Drogo,Venture Capital,Materials and Resources
Aldébarande,Stephane Traumat,Venture Capital,Business Products and Services (B2B)
Celyatis,Holger Wiemann,Angel (individual),Consumer Products and Services (B2C)
Levels3D,Franck Rougeau,Angel (individual),Information Technology
Lunch Corner,Mathieu Tarnus,Venture Capital,Consumer Products and Services (B2C)
Phonotonic,Anne-Laure Constanza,Angel (individual),Consumer Products and Services (B2C)
Phonotonic,Jean-David Chamboredon,Angel (individual),Consumer Products and Services (B2C)
Sézane,Guillaume Aubin,Venture Capital,Consumer Products and Services (B2C)
Spreading Apps,Bruno Guicheux,Venture Capital,Information Technology
Good Spot,Mircea Caratas,Angel (individual),Consumer Products and Services (B2C)
Good Spot,Philippe Develotte,Angel (individual),Consumer Products and Services (B2C)
Lucibel,Jean-Marc Bally,Venture Capital,Consumer Products and Services (B2C)
Lucibel,Roham Gharegozlou,Angel (individual),Consumer Products and Services (B2C)
MDoloris Medical Systems,Helene Cannard,Venture Capital,Healthcare
Cooltech Applications,Jean-Michel Barbier,Venture Capital,Business Products and Services (B2B)
Hydrelis,Alexandre Pelletier,Venture Capital,Business Products and Services (B2B)
Easilys,Valérie Allain-Dupre,Venture Capital,Information Technology
Privowny,Tanya Field,Venture Capital,Information Technology
Axess Vision Technology,Catherine Boule,Venture Capital,Healthcare
Deolan,Guillaume Dupont,Venture Capital,Information Technology
IGO (Media and Information Services),Philippe Darses,Venture Capital,Business Products and Services (B2B)
Sofialys,Gert Köhler,Venture Capital,Business Products and Services (B2B)
Step-In,Justin Ziegler,Angel (individual),Business Products and Services (B2B)
Step-In,Xavier Niel,Venture Capital,Business Products and Services (B2B)
Step-In,Steve Rosenblum,Angel (individual),Business Products and Services (B2B)
Step-In,Thierry Lunati,Angel (individual),Business Products and Services (B2B)
E-Blink,Francois Tison,Venture Capital,Information Technology
E-Blink,Pascal Vanluchene,Venture Capital,Information Technology
E-Blink,David Manjarres,Venture Capital,Information Technology
E-Blink,Nicolas Landrin,Venture Capital,Information Technology
BodyCap,Bruno Guicheux,Venture Capital,Healthcare
SoCloz,Rodolphe Menegaux,Venture Capital,Business Products and Services (B2B)
SoCloz,Oleg Tscheltzoff,Angel (individual),Business Products and Services (B2B)
CorWave,Antoine Papiernik,Venture Capital,Healthcare
Dymant,Romain Lavault,Venture Capital,Consumer Products and Services (B2C)
BIME Analytics,Jeremy Uzan,Venture Capital,Information Technology
Edicia,François Véron,Venture Capital,Information Technology
AmigoCAT,Jérémie Berrebi,Angel (individual),Information Technology
Flayr (Internet Retail),Simona Heidempergher,Venture Capital,Consumer Products and Services (B2C)
Zenchef,Samantha Jérusalmy,Venture Capital,Information Technology
Zenchef,Franck Lefeuvre,Angel (individual),Information Technology
Zenchef,Gilles Samoun,Angel (individual),Information Technology
Zenchef,Jeremie Le Febvre,Angel (individual),Information Technology
Zenchef,Nicolas Baudy,Angel (individual),Information Technology
Tinyclues,Xavier Lazarus,Venture Capital,Information Technology
Tinyclues,Jean-David Chamboredon,Venture Capital,Information Technology
Marbella Paris,Renaud Dutreuil,Angel (individual),Consumer Products and Services (B2C)
Younited Financial,Xavier Niel,Venture Capital,Information Technology
Proximis,Nicolas Tcherdakoff,Venture Capital,Information Technology
Proximis,Ilan Benhaim,Angel (individual),Information Technology
Proximis,Jacques-Antoine Granjon,Angel (individual),Information Technology
Proximis,Manuel Zebeida,Angel (individual),Information Technology
Egidium Technologies,Didier Herrmann,Angel (individual),Information Technology
Ceanothe,Michel de Guilhermier,Venture Capital,Consumer Products and Services (B2C)
INNOV8 Group,Michael Greve,Venture Capital,Business Products and Services (B2B)
Skiset,Jerome LeCoeur,Venture Capital,Consumer Products and Services (B2C)
Cyphoma,Francesco Maio,Angel (individual),Consumer Products and Services (B2C)
Famoco,Geoffroy Bragadir,Venture Capital,Information Technology
News Republic,Gert Köhler,Venture Capital,Consumer Products and Services (B2C)
News Republic,Cyril Bertrand,Venture Capital,Consumer Products and Services (B2C)
MorningCroissant,Ranjith Cherickel,Angel (individual),Consumer Products and Services (B2C)
NovaWatt,Dominique Agrech,Venture Capital,Energy
Visibrain,Gilles Debuchy,Venture Capital,Business Products and Services (B2B)
Comiteo,Jérôme Snollaerts,Venture Capital,Information Technology
Limonetik,Charles-Antoine Morand,Venture Capital,Information Technology
Limonetik,Pierre-Eric Leibovici,Venture Capital,Information Technology
360Learning,Daniel Caclin,Venture Capital,Information Technology
360Learning,Jean-David Chamboredon,Venture Capital,Information Technology
360Learning,Jérôme Traisnel,Angel (individual),Information Technology
360Learning,Luc Hardy,Angel (individual),Information Technology
360Learning,Patrick Ponsolle,Angel (individual),Information Technology
360Learning,Sacha Doliner,Angel (individual),Information Technology
Neelogy,Jean Francois Fourt,Venture Capital,Information Technology
Fluoptics,Nicolas Boulay,Venture Capital,Healthcare
MWM,Daniel Marhely,Angel (individual),Information Technology
Youboox,Gilbert Deininger,Angel (individual),Consumer Products and Services (B2C)
Youboox,Jean-Michel Rosaz,Angel (individual),Consumer Products and Services (B2C)
Youboox,Laurent Benhamou,Angel (individual),Consumer Products and Services (B2C)
Youboox,Philippe Dian,Angel (individual),Consumer Products and Services (B2C)
Revers.io,Jérôme Snollaerts,Venture Capital,Information Technology
Itris Automation Square,Gwenaël Hamon,Venture Capital,Information Technology
TalentSoft,Anthony Zappalà,Venture Capital,Information Technology
Target2Sell,Frédéric Aries,Angel (individual),Information Technology
Target2Sell,Hubert Catanese,Angel (individual),Information Technology
Target2Sell,Thomas Herlin,Angel (individual),Information Technology
Target2Sell,Xavier Jacopy,Angel (individual),Information Technology
Vestiaire Collective,James Bilefield,Angel (individual),Consumer Products and Services (B2C)
Vestiaire Collective,Claire Houry,Venture Capital,Consumer Products and Services (B2C)
Fitnext,Nicolas Tcherdakoff,Venture Capital,Information Technology
Izypeo,Daniel Caclin,Venture Capital,Information Technology
Videdressing,Pradeep Raman,Venture Capital,Consumer Products and Services (B2C)
Streamdata.io,Bruno Rivet,Venture Capital,Information Technology
Streamdata.io,Guillaume Hemmerle,Venture Capital,Information Technology
Techlimed,Sebastien Touvron,Venture Capital,Information Technology
TravelCar,Pierre-Antoine Durgeat,Angel (individual),Consumer Products and Services (B2C)
Pandacraft,Pauline Roux,Venture Capital,Consumer Products and Services (B2C)
Sunpartner Technologies,Roland Rémondet,Venture Capital,Energy
Sunpartner Technologies,Arnaud Delattre,Venture Capital,Energy
AlephD,Romain Lavault,Venture Capital,Business Products and Services (B2B)
Withings,Emanuele Levi,Venture Capital,Healthcare
Withings,Jean Bourcereau,Venture Capital,Healthcare
Wizbii,Olivier Heckmann,Angel (individual),Consumer Products and Services (B2C)
Wizbii,Véronique Di Benedetto,Angel (individual),Consumer Products and Services (B2C)
Wizbii,Vincent Gentil,Angel (individual),Consumer Products and Services (B2C)
Boa Concept,Bernard Vey,Venture Capital,Information Technology
Boa Concept,Mathieu Viallard,Venture Capital,Information Technology
Sojeans,Carlalberto Guglielminotti,Venture Capital,Consumer Products and Services (B2C)
Sojeans,Alain Caffi,Venture Capital,Consumer Products and Services (B2C)
Firalis,Bernard Daugeras,Venture Capital,Healthcare
JobAroundMe,Olivier Mathiot,Angel (individual),Consumer Products and Services (B2C)
Wandercraft,Valéry Huot,Venture Capital,Healthcare
Wandercraft,Xavier Niel,Venture Capital,Healthcare
Clic and Walk,François Paulus,Venture Capital,Information Technology
PathoQuest,Jean-Pascal Beaufret,Venture Capital,Healthcare
PathoQuest,Thierry Laugel,Venture Capital,Healthcare
eNovance,Benjamin Py,Venture Capital,Information Technology
Rad (Clothing),Martin Mignot,Venture Capital,Consumer Products and Services (B2C)
Trainline (UK),Martin Mignot,Venture Capital,Information Technology
Sejourning,Stéphane Thioly,Venture Capital,Consumer Products and Services (B2C)
Mediarithmics,Marc Simoncini,Venture Capital,Business Products and Services (B2B)
Evioo,Philippe Bouvier,Angel (individual),Consumer Products and Services (B2C)
Acerde,Jean Francois Fourt,Venture Capital,Information Technology
Unowhy,Benoit Habert,Venture Capital,Consumer Products and Services (B2C)
Unowhy,Simon Gazikian,Angel (individual),Consumer Products and Services (B2C)
Gemmyo,Rodolphe Menegaux,Venture Capital,Consumer Products and Services (B2C)
Gemmyo,Kevin D'Silva,Angel (individual),Consumer Products and Services (B2C)
Netatmo,Olivier Huez,Venture Capital,Consumer Products and Services (B2C)
Netatmo,Pascal Cagni,Angel (individual),Consumer Products and Services (B2C)
Fidzup,Gastón Bilder,Angel (individual),Business Products and Services (B2B)
Miliboo,Jacques Chatain,Venture Capital,Consumer Products and Services (B2C)
Miliboo,Guillaume Hemmerle,Venture Capital,Consumer Products and Services (B2C)
StickyADS.tv,Claire Houry,Venture Capital,Business Products and Services (B2B)
Biotex,Géraud de Ferrières,Venture Capital,Consumer Products and Services (B2C)
Golaem,Emmanuel Gaude,Venture Capital,Information Technology
Bonitasoft,Philippe Granger,Venture Capital,Information Technology
Bonitasoft,Claire Houry,Venture Capital,Information Technology
Robocath,Bruno Guicheux,Venture Capital,Healthcare
Medgicnet,François Poirier,Venture Capital,Healthcare
Safe Orthopaedics,Thierry Laugel,Venture Capital,Healthcare
KelDoc,Jeremy Uzan,Venture Capital,Healthcare
Woufbox,Michel de Guilhermier,Venture Capital,Consumer Products and Services (B2C)
Woufbox,Gilles Enguehard,Venture Capital,Consumer Products and Services (B2C)
Genticel,Chahra Louafi,Venture Capital,Healthcare
Genticel,Rainer Strohmenger,Venture Capital,Healthcare
Boxtal,Marion Chanéac,Venture Capital,Information Technology
Adents,Guillaume Dupont,Venture Capital,Information Technology
SpineVision,Renee Julie Elisabeth Aguiar-Lucander,Venture Capital,Healthcare
BW Ideol,Pascal Voulton,Venture Capital,Energy
BW Ideol,Julien Catherine,Venture Capital,Energy
PulseSight Therapeutics,Chahra Louafi,Venture Capital,Healthcare
PulseSight Therapeutics,Catherine Boule,Venture Capital,Healthcare
Carnet de Mode,Claude Rameau,Angel (individual),Consumer Products and Services (B2C)
Carnet de Mode,Samantha Jérusalmy,Venture Capital,Consumer Products and Services (B2C)
Carnet de Mode,Eric Pinot,Angel (individual),Consumer Products and Services (B2C)
Carnet de Mode,Gaël Duval,Angel (individual),Consumer Products and Services (B2C)
Carnet de Mode,Xavier Dura,Angel (individual),Consumer Products and Services (B2C)
XOR.MOTORS,Charles-Antoine Morand,Venture Capital,Consumer Products and Services (B2C)
GenSight Biologics,Genghis Lloyd-Harris,Venture Capital,Healthcare
GenSight Biologics,Francesco De Rubertis,Venture Capital,Healthcare
GenSight Biologics,Guido Magni,Venture Capital,Healthcare
MedDay Pharmaceuticals,Chahra Louafi,Venture Capital,Healthcare
MedDay Pharmaceuticals,Rafaele Tordjman,Venture Capital,Healthcare
Brazeco,François Véron,Venture Capital,Materials and Resources
InstantLuxe.com,Jean-David Chamboredon,Venture Capital,Consumer Products and Services (B2C)
SuperSonic Imagine,Bernard Daugeras,Venture Capital,Healthcare
SuperSonic Imagine,Erich Schlick,Venture Capital,Healthcare
MeilleursAgents,Guillaume Aubin,Venture Capital,Consumer Products and Services (B2C)
MyFox,Charles-Henry Tranie,Venture Capital,Information Technology
MyFox,John-Jacques Bertrand,Venture Capital,Information Technology
Cellnovo,Rajesh Parekh,Venture Capital,Healthcare
Cellnovo,Philippe Peltier,Venture Capital,Healthcare
Cellnovo,Bart Bergstein,Venture Capital,Healthcare
Cellnovo,John Littlechild,Venture Capital,Healthcare
Cellnovo,John Milad,Venture Capital,Healthcare
Carlina Technologies,Bertrand Distinguin,Venture Capital,Healthcare
Green Communications,Jérôme Faul,Venture Capital,Information Technology
Ad Valem Technologies,Jean Bourcereau,Venture Capital,Information Technology
Nexess,David Manjarres,Venture Capital,Information Technology
Monbento,Charles-Antoine Morand,Venture Capital,Consumer Products and Services (B2C)
Aqualeg,Jérôme Guéret,Venture Capital,Healthcare
Quertech Ingenierie,Eric Cozanet,Venture Capital,Business Products and Services (B2B)
Innes,Gilles Debuchy,Venture Capital,Information Technology
Sparkow,Didier Moret,Venture Capital,Information Technology
Sparkow,Cyril Bertrand,Venture Capital,Information Technology
Zenchef,Jérémie Berrebi,Angel (individual),Information Technology
Zenchef,Serge Alleyne,Angel (individual),Information Technology
Krono-Safe,Clement Combal,Venture Capital,Information Technology
Krono-Safe,Jean-Pierre Humbert,Venture Capital,Information Technology
IJENKO,Nicolas Landrin,Venture Capital,Information Technology
Leetchi,Oleg Tscheltzoff,Angel (individual),Financial Services
Lasotel,Nicolas Pitance,Angel (individual),Information Technology
Recommerce Group,Gilles Debuchy,Venture Capital,Consumer Products and Services (B2C)
Recommerce Group,Bruno Rivet,Venture Capital,Consumer Products and Services (B2C)
Flash BioSolutions,Thierry Bardon,Venture Capital,Healthcare
Adyoulike,Philippe Herbert,Venture Capital,Business Products and Services (B2B)
EOS Innovation,Jean-Pierre Humbert,Venture Capital,Information Technology
FamiHero,Marc Simoncini,Venture Capital,Consumer Products and Services (B2C)
Vstory,Daniel Recanati,Venture Capital,Information Technology
SOGEMED,Patrick Ndoung,Venture Capital,Business Products and Services (B2B)
McPhy Energy,Alessio Beverina,Venture Capital,Energy
Exaqtworld,Guillaume Dupont,Venture Capital,Information Technology
Delfmems,André Vandemeulebroecke,Venture Capital,Information Technology
Bank of Poker,Clément Benoit,Angel (individual),Information Technology
Bank of Poker,Jacques-Antoine Granjon,Angel (individual),Information Technology
Bank of Poker,Jean-David Blanc,Angel (individual),Information Technology
Bank of Poker,Xavier Niel,Venture Capital,Information Technology
Bank of Poker,Xavier Niel,Angel (individual),Information Technology
Bioxis Pharmaceuticals,Ays Sharaev,Venture Capital,Healthcare
Laboratoire EffiNov,Bertrand Distinguin,Venture Capital,Consumer Products and Services (B2C)
TextMaster,Alec Oxenford,Angel (individual),Business Products and Services (B2B)
TextMaster,Rodolphe Menegaux,Venture Capital,Business Products and Services (B2B)
TextMaster,Fabrice Grinda,Angel (individual),Business Products and Services (B2B)
TextMaster,Thibaud Elziere,Angel (individual),Business Products and Services (B2B)
Sensorly,Xavier Lazarus,Venture Capital,Information Technology
ePawn,Philippe Gire,Venture Capital,Information Technology
Carlina Technologies,Bertrand Distinguin,Venture Capital,Healthcare
Comiteo,Jérôme Snollaerts,Venture Capital,Information Technology
miLibris,Guillaume Dupont,Venture Capital,Information Technology
Adikteev,Cyril Vermeulen,Angel (individual),Business Products and Services (B2B)
Adikteev,Philippe Besnard,Angel (individual),Business Products and Services (B2B)
Invoxia,François Véron,Venture Capital,Information Technology
YouScribe,Bruno Emsens,Angel (individual),Consumer Products and Services (B2C)
YouScribe,Benoit Habert,Venture Capital,Consumer Products and Services (B2C)
YouScribe,Herve Didier,Angel (individual),Consumer Products and Services (B2C)
YouScribe,Thierry Dassault,Venture Capital,Consumer Products and Services (B2C)
Mailjet,Raffi Kamber,Venture Capital,Information Technology
Sangamo Therapeutics France,Bernard Daugeras,Venture Capital,Healthcare
Sangamo Therapeutics France,Emmanuel Fiessinger,Venture Capital,Healthcare
Mirakl,Xavier Lazarus,Venture Capital,Information Technology
Mirakl,Xavier Niel,Angel (individual),Information Technology
I-Dispo,Annie Eyt,Angel (individual),Information Technology
I-Dispo,Fabrice Grinda,Angel (individual),Information Technology
I-Dispo,Jacques-Antoine Granjon,Angel (individual),Information Technology
I-Dispo,Jérémie Berrebi,Venture Capital,Information Technology
Commanders Act,Rodolphe Menegaux,Venture Capital,Information Technology
Devialet,Jacques-Antoine Granjon,Angel (individual),Consumer Products and Services (B2C)
Devialet,Marc Simoncini,Angel (individual),Consumer Products and Services (B2C)
Devialet,Xavier Niel,Angel (individual),Consumer Products and Services (B2C)
Balyo,Sebastien Groyer,Venture Capital,Information Technology
Spartoo,Bernard Vogel,Venture Capital,Consumer Products and Services (B2C)
Olea Medical,Jean Gouverneyre,Venture Capital,Healthcare
Olea Medical,Vincent Deltrieu,Venture Capital,Healthcare
ShoorK,Jérémie Berrebi,Angel (individual),Information Technology
ShoorK,Xavier Niel,Venture Capital,Information Technology
iAdvize,Charles Letourneur,Venture Capital,Information Technology
Polaar,Emmanuel Fiessinger,Venture Capital,Consumer Products and Services (B2C)
MultiX,Guy Rigaud,Venture Capital,Information Technology
EZ-Wheel,Fabienne Herlaut,Venture Capital,Business Products and Services (B2B)
OuiCar,Fabienne Herlaut,Venture Capital,Consumer Products and Services (B2C)
OuiCar,Marc Simoncini,Venture Capital,Consumer Products and Services (B2C)
PlanMeUp,Gilles Debuchy,Venture Capital,Information Technology
EyeBrain,Catherine Boule,Venture Capital,Healthcare
EyeBrain,Gilles Alberici,Venture Capital,Healthcare
Actility,Jean Francois Fourt,Venture Capital,Information Technology
Fioulreduc,Thierry Roussel,Venture Capital,Energy
Criteo,Byron Deeter,Venture Capital,Business Products and Services (B2B)
Biophytis,Isabelle de Cremoux,Venture Capital,Healthcare
Melty,Marc Simoncini,Angel (individual),Consumer Products and Services (B2C)
Melty,Patricia Barbizet,Angel (individual),Consumer Products and Services (B2C)
Gemmyo,Erik Eliason,Angel (individual),Consumer Products and Services (B2C)
Gemmyo,Kevin D'Silva,Angel (individual),Consumer Products and Services (B2C)
Web Geo Services,Yvan-Michel Ehkirch,Venture Capital,Information Technology
Web Geo Services,David Manjarres,Venture Capital,Information Technology
Atlantico,Gerard Lignac,Angel (individual),Consumer Products and Services (B2C)
Avob,Guillaume Dupont,Venture Capital,Information Technology
WeCook WeCare,Catherine Ball,Venture Capital,Consumer Products and Services (B2C)
Magpie Polymers,Laurent Bocahut,Venture Capital,Business Products and Services (B2B)
Diwel,Jérôme Guéret,Venture Capital,Information Technology
Seiza,Dana Stalder,Venture Capital,Business Products and Services (B2B)
Seiza,Steven Pogorzelski,Angel (individual),Business Products and Services (B2B)
Seiza,Yuri Milner,Angel (individual),Business Products and Services (B2B)
Sejourning,Stéphane Thioly,Venture Capital,Consumer Products and Services (B2C)
SigFox (Telecommunications Service Providers),Philippe Gire,Venture Capital,Information Technology
SigFox (Telecommunications Service Providers),Jean-Marc Patouillaud,Venture Capital,Information Technology
Xivo,Guillaume Hemmerle,Venture Capital,Information Technology
ZeWaow,Benoit Tesson,Angel (individual),Information Technology
ZeWaow,Olivier Mathiot,Angel (individual),Information Technology
Ariana Pharma,Agnés Laurent,Venture Capital,Healthcare
ROK Solution,Emmanuel Gaude,Venture Capital,Information Technology
Movea,Nicolas Boulay,Venture Capital,Information Technology
Neowave,Armand Perrin,Venture Capital,Information Technology
Domain Therapeutics,Bernard Daugeras,Venture Capital,Healthcare
Siveo,Yvan-Michel Ehkirch,Venture Capital,Information Technology
Hemarina,Emilie Lidome,Venture Capital,Healthcare
Hemarina,Patrick Franchet,Venture Capital,Healthcare
Ventealapropriete,Jean-Marc Patouillaud,Venture Capital,Consumer Products and Services (B2C)
Shopping Mail,Jérémie Berrebi,Venture Capital,Information Technology
Koelis,Cécile Réal,Venture Capital,Healthcare
Cytheris,Olivier Martinez,Venture Capital,Healthcare
Cytheris,Bart Bergstein,Venture Capital,Healthcare
Cytheris,Chantal Parpex,Venture Capital,Healthcare
The Green Link,Stéphane Thioly,Venture Capital,Business Products and Services (B2B)
Aztec (Machinery (B2B)),Marc Simoncini,Venture Capital,Business Products and Services (B2B)
Genkyotex,Stéphane Verdood,Venture Capital,Healthcare
Ogust,Charles-Antoine Morand,Venture Capital,Information Technology
Wallix Group,Jacques Chatain,Venture Capital,Information Technology
PHAXIAM Therapeutics,Vanessa Malier,Venture Capital,Healthcare
Alizé Pharma,Gilles Alberici,Venture Capital,Healthcare
DirectStreams,Thibault Pellequer,Venture Capital,Information Technology
Les Nuages,Patrick Ndoung,Venture Capital,Business Products and Services (B2B)
Menlook Group,Dominique Rencurel,Venture Capital,Consumer Products and Services (B2C)
Menlook Group,Philippe Collombel,Venture Capital,Consumer Products and Services (B2C)
Netino,Thibault Canton,Venture Capital,Information Technology
Maeglin Software,Franck Noiret,Venture Capital,Information Technology
Younited Financial,Xavier Niel,Venture Capital,Information Technology
SP3H,Adrian Field,Venture Capital,Information Technology
Dolead,Nicolas Rose,Venture Capital,Business Products and Services (B2B)
Sensee (Accessories),Jean-Marc Patouillaud,Venture Capital,Consumer Products and Services (B2C)
SoCloz,Oleg Tscheltzoff,Angel (individual),Business Products and Services (B2B)
Tageos,Charles-Antoine Morand,Venture Capital,Information Technology
MesMateriaux.com,Hugues Joubert,Venture Capital,Consumer Products and Services (B2C)
Thefork,Philippe Collombel,Venture Capital,Consumer Products and Services (B2C)
PurchEase,François Paulus,Angel (individual),Information Technology
Jet Metal Technologies,Jean-Marc Bally,Venture Capital,Materials and Resources
Jet Metal Technologies,Mathieu Viallard,Venture Capital,Materials and Resources
Viadeo,Jean D'Arthuys,Venture Capital,Business Products and Services (B2B)
Viadeo,Alain Caffi,Venture Capital,Business Products and Services (B2B)
Ysopia Bioscience,Isabelle de Cremoux,Venture Capital,Healthcare
E-Blink,Francois Tison,Venture Capital,Information Technology
E-Blink,Guillaume Aubin,Venture Capital,Information Technology
E-Blink,François-René Letourneur,Venture Capital,Information Technology
TalentSoft,Marion Aubry,Venture Capital,Information Technology
Capptain,Dmitry Chikhachev,Venture Capital,Information Technology
Paragon ID,Valéry Huot,Venture Capital,Information Technology
Enterome,Johan Kordel,Venture Capital,Healthcare
Enterome,Isabelle de Cremoux,Venture Capital,Healthcare
OpenClassrooms,Guillaume Aubin,Venture Capital,Information Technology
News Republic,Gert Köhler,Venture Capital,Consumer Products and Services (B2C)
News Republic,Cyril Bertrand,Venture Capital,Consumer Products and Services (B2C)
PeopleDoc,Charles Letourneur,Venture Capital,Information Technology
Leetchi,Emanuele Levi,Venture Capital,Financial Services
Leetchi,Emanuele Levi,Angel (individual),Financial Services
Leetchi,Oleg Tscheltzoff,Angel (individual),Financial Services
Brand Online,Pascal Fite,Venture Capital,Business Products and Services (B2B)
MonShowroom,Nicolas Celier,Venture Capital,Consumer Products and Services (B2C)
Luceor,Nicolas Tcherdakoff,Venture Capital,Information Technology
Luceor,John-Jacques Bertrand,Venture Capital,Information Technology
Elynes,Dominique Agrech,Venture Capital,Consumer Products and Services (B2C)
Pharnext,Christian Pierret,Venture Capital,Healthcare
Sejourning,Stéphane Thioly,Venture Capital,Consumer Products and Services (B2C)
Induct,Hugo Mahieu,Venture Capital,Consumer Products and Services (B2C)
Insight SiP,Jean-Paul Albanese,Venture Capital,Business Products and Services (B2B)
BlaBlaCar,Philippe Botteri,Venture Capital,Consumer Products and Services (B2C)
BlaBlaCar,Jean-David Chamboredon,Venture Capital,Consumer Products and Services (B2C)
Jobintree,Charles Letourneur,Venture Capital,Consumer Products and Services (B2C)
Alltricks,Jean-Marc Patouillaud,Venture Capital,Consumer Products and Services (B2C)
Happlink,Anton Inshutin,Venture Capital,Information Technology
BedyCasa,Jean Michel Benard,Angel (individual),Consumer Products and Services (B2C)
BedyCasa,Michel Kubler,Angel (individual),Consumer Products and Services (B2C)
BedyCasa,Nicolas Machard,Angel (individual),Consumer Products and Services (B2C)
BedyCasa,Yves Peis,Angel (individual),Consumer Products and Services (B2C)
Frequentiel,François Véron,Venture Capital,Information Technology
Otonomy Aviation,Bernard Espannet,Angel (individual),Information Technology
Spreading Apps,Bertrand Distinguin,Venture Capital,Information Technology
Square Solutions,Stephane Traumat,Venture Capital,Business Products and Services (B2B)
Sunpartner Technologies,Roland Rémondet,Venture Capital,Energy
Sunpartner Technologies,Arnaud Delattre,Venture Capital,Energy
Gemmyo,Cyril Vermeulen,Angel (individual),Consumer Products and Services (B2C)
Shoette,Jérémie Berrebi,Angel (individual),Consumer Products and Services (B2C)
Develop'invest,Christine Cerrato,Venture Capital,Business Products and Services (B2B)
MicroEJ,Vincent Deltrieu,Venture Capital,Information Technology
Augure,Thomas Gubler,Venture Capital,Business Products and Services (B2B)
Augure,Xavier Lorphelin,Venture Capital,Business Products and Services (B2B)
Augure,Alain Caffi,Venture Capital,Business Products and Services (B2B)
A Little Market,Oleg Tscheltzoff,Angel (individual),Consumer Products and Services (B2C)
A Little Market,Trémolières Pierre,Angel (individual),Consumer Products and Services (B2C)
CYTOO,Franck Lescure,Venture Capital,Healthcare
MeilleursAgents,Guillaume Aubin,Venture Capital,Consumer Products and Services (B2C)
Streamdata.io,Guy Rigaud,Venture Capital,Information Technology
Streamdata.io,Bruno Rivet,Venture Capital,Information Technology
Wallix Group,Jacques Chatain,Venture Capital,Information Technology
Wallix Group,Thierry Dassault,Venture Capital,Information Technology
Digital Media Solutions Co,Nicolas Boulay,Venture Capital,Consumer Products and Services (B2C)
Le New Black,Céline Lippi,Venture Capital,Information Technology
Biokinesis,Antoine Pau,Venture Capital,Healthcare
Peplum,Arnaud Delattre,Venture Capital,Consumer Products and Services (B2C)
L'Usine Ã Design,Olivier Mathiot,Angel (individual),Consumer Products and Services (B2C)
SpineGuard,Thomas Balland,Venture Capital,Healthcare
Ad4Screen,Charles Beigbeder,Angel (individual),Business Products and Services (B2B)
Keyade,Marc Simoncini,Venture Capital,Business Products and Services (B2B)
Bonitasoft,Philippe Granger,Venture Capital,Information Technology
Bonitasoft,Claire Houry,Venture Capital,Information Technology
PrestaShop,Marc Fournier,Venture Capital,Information Technology
Pharnext,Christian Pierret,Venture Capital,Healthcare
Qosmos,Guillaume Aubin,Venture Capital,Information Technology
Qosmos,Jean D'Arthuys,Venture Capital,Information Technology
Qosmos,Krishna Visvanathan,Venture Capital,Information Technology
Bretzel Love Caffè,François Véron,Venture Capital,Consumer Products and Services (B2C)
Delyan,Pierre Fleuret,Venture Capital,Consumer Products and Services (B2C)
Younited Financial,Jérémie Berrebi,Angel (individual),Information Technology
Younited Financial,Xavier Niel,Venture Capital,Information Technology
Vestiaire Collective,Claire Houry,Venture Capital,Consumer Products and Services (B2C)
Groupe Solstis,Géraud de Ferrières,Venture Capital,Business Products and Services (B2B)
I-Dispo,Fabrice Grinda,Angel (individual),Information Technology
I-Dispo,Jacques-Antoine Granjon,Angel (individual),Information Technology
I-Dispo,Julien Peyridieux,Angel (individual),Information Technology
I-Dispo,Jérémie Berrebi,Venture Capital,Information Technology
I-Dispo,Lorig Bernard,Angel (individual),Information Technology
Snowite,Guillaume Hemmerle,Venture Capital,Business Products and Services (B2B)
1000Nautique,André Raoul,Venture Capital,Consumer Products and Services (B2C)
Lengow,Guillaume Aubin,Venture Capital,Information Technology
SpineVision,Gerard Hascoet,Venture Capital,Healthcare
Au Forum du Batiment,Magdalena Svensson,Venture Capital,Business Products and Services (B2B)
Myopowers,Philippe Pouletty,Venture Capital,Healthcare
Ftopia,Jonathan Siegel,Venture Capital,Information Technology
Ftopia,Serge Aziza,Angel (individual),Information Technology
Captain Dash,Didier Moret,Venture Capital,Information Technology
Enablon,Robert Genieser,Venture Capital,Consumer Products and Services (B2C)
Force A,Timothy Vander Elst,Venture Capital,Information Technology
Limonetik,Alain Parize,Angel (individual),Information Technology
Limonetik,Charles-Antoine Morand,Venture Capital,Information Technology
Limonetik,Olivier Mathiot,Angel (individual),Information Technology
Limonetik,Alexandre Mordacq,Venture Capital,Information Technology
Limonetik,Pierre Kosciusko Morizet,Angel (individual),Information Technology
Limonetik,Regis Bouyala,Angel (individual),Information Technology
BW Ideol,Guy Fleury,Angel (individual),Energy
Insight SiP,Jean-Paul Albanese,Venture Capital,Business Products and Services (B2B)
Klea Holding,Thierry Chignon,Venture Capital,Healthcare
Intersec,Guillaume Dhee,Venture Capital,Information Technology
Intersec,Jérôme Faul,Venture Capital,Information Technology
Antepedia,Sophie Pellat,Venture Capital,Information Technology
IJENKO,Nicolas Landrin,Venture Capital,Information Technology
Marco Vasco,Charles Letourneur,Venture Capital,Consumer Products and Services (B2C)
Expway,Valéry Huot,Venture Capital,Information Technology
NovaWatt,Dominique Agrech,Venture Capital,Energy
CoachClub,Marine Desbans,Angel (individual),Consumer Products and Services (B2C)
CoachClub,Xavier Lorphelin,Venture Capital,Consumer Products and Services (B2C)
Graftys,Gilles Alberici,Venture Capital,Healthcare
Paragone (Business/Productivity Software),Jeremy Uzan,Venture Capital,Information Technology
Kobojo,Dominique Pitteloud,Venture Capital,Information Technology
Amoeba,Jacques Dancer,Venture Capital,Healthcare
CoachClub,Xavier Lorphelin,Venture Capital,Consumer Products and Services (B2C)
Glisodin,Bernard Daugeras,Venture Capital,Consumer Products and Services (B2C)
Graine de Cadeaux,Jérémie Berrebi,Angel (individual),Consumer Products and Services (B2C)
Graine de Cadeaux,Xavier Niel,Venture Capital,Consumer Products and Services (B2C)
Linkfluence,Dominique Rencurel,Venture Capital,Information Technology
Adyoulike,Jérémie Berrebi,Angel (individual),Business Products and Services (B2B)
Adyoulike,Xavier Niel,Venture Capital,Business Products and Services (B2B)
6PEO,Frederic Humbert,Venture Capital,Business Products and Services (B2B)
MobPartner,Jeremy Uzan,Venture Capital,Business Products and Services (B2B)
MobPartner,Charles-Antoine Morand,Venture Capital,Business Products and Services (B2B)
Quelle Energie,Guillaume Aubin,Venture Capital,Business Products and Services (B2B)
Total Immersion,Philippe Collombel,Venture Capital,Information Technology
Total Immersion,Nicolas Landrin,Venture Capital,Information Technology
EntropySoft,Guillaume Aubin,Venture Capital,Information Technology
Cyberprotect,Emmanuel Gaude,Venture Capital,Information Technology
PathoQuest,Thierry Laugel,Venture Capital,Healthcare
Callresto,Jérémie Berrebi,Angel (individual),Consumer Products and Services (B2C)
Youmag France,Dominique Rencurel,Venture Capital,Consumer Products and Services (B2C)
Plyce,Marc Simoncini,Venture Capital,Consumer Products and Services (B2C)
VitamFero,Catherine Boule,Venture Capital,Healthcare
HappyView,Nicolas Celier,Venture Capital,Consumer Products and Services (B2C)
HappyView,Cyril Vermeulen,Angel (individual),Consumer Products and Services (B2C)
HappyView,Olivier Mathiot,Angel (individual),Consumer Products and Services (B2C)
Evaneos,Christophe Raynaud,Venture Capital,Consumer Products and Services (B2C)
Spoonymix,Nicolas Celier,Venture Capital,Consumer Products and Services (B2C)
Spoonymix,Nicolas Rose,Venture Capital,Consumer Products and Services (B2C)
Monbento,Charles-Antoine Morand,Venture Capital,Consumer Products and Services (B2C)
Antidot,Karine Lignel,Venture Capital,Information Technology
Algaia,Eric Marty,Venture Capital,Business Products and Services (B2B)
Algaia,Catherine Boule,Venture Capital,Business Products and Services (B2B)
Algaia,Celia Hart,Venture Capital,Business Products and Services (B2B)
Miliboo,Jacques Chatain,Venture Capital,Consumer Products and Services (B2C)
Presto Engineering,David Manjarres,Venture Capital,Information Technology
Kalray,Jacques Dancer,Venture Capital,Information Technology
TalentSoft,Marion Aubry,Venture Capital,Information Technology
Polyplus (Biotechnology),Jean-Michel Barbier,Venture Capital,Healthcare
Voluntis,Emilie Lidome,Venture Capital,Healthcare
Voluntis,Olivier Dubuisson,Venture Capital,Healthcare
Ethera,Jean-Philippe Stefanini,Venture Capital,Consumer Products and Services (B2C)
Yakarouler,Marine Desbans,Angel (individual),Consumer Products and Services (B2C)
Yakarouler,Marc Fournier,Venture Capital,Consumer Products and Services (B2C)
DBV Technologies,Rafaele Tordjman,Venture Capital,Healthcare
Arts Live Entertainment,Jacques-Antoine Granjon,Angel (individual),Consumer Products and Services (B2C)
Arts Live Entertainment,Marc Simoncini,Venture Capital,Consumer Products and Services (B2C)
Arts Live Entertainment,Xavier Niel,Angel (individual),Consumer Products and Services (B2C)
Eydo Pharma,Olivier Chiarisoli,Angel (individual),Healthcare
Genourob,Bertrand Distinguin,Venture Capital,Healthcare
Ioma Paris,Véra Strubi,Angel (individual),Consumer Products and Services (B2C)
Safe Orthopaedics,Thierry Laugel,Venture Capital,Healthcare
SigFox (Telecommunications Service Providers),Philippe Gire,Venture Capital,Information Technology
SigFox (Telecommunications Service Providers),Jean-Marc Patouillaud,Venture Capital,Information Technology
Smallable,Rodolphe Menegaux,Venture Capital,Consumer Products and Services (B2C)
L'Alveare Che Dice Sì,Jérémie Berrebi,Angel (individual),Consumer Products and Services (B2C)
E-Blink,Francois Tison,Venture Capital,Information Technology
E-Blink,Guillaume Aubin,Venture Capital,Information Technology
E-Blink,Nicolas Landrin,Venture Capital,Information Technology
Median Technologies,Bernard Daugeras,Venture Capital,Healthcare
Symbio (Alternative Energy Equipment),Thomas Balland,Venture Capital,Energy
SuperSonic Imagine,Bernard Daugeras,Venture Capital,Healthcare
SuperSonic Imagine,Erich Schlick,Venture Capital,Healthcare
DWeho,Jérémie Berrebi,Angel (individual),Consumer Products and Services (B2C)
Meiogenix,Thierry Laugel,Venture Capital,Materials and Resources
Cyanide,Nicolas Boulay,Venture Capital,Information Technology
Graftys,Gilles Alberici,Venture Capital,Healthcare
Graftys,Alain Tornier,Venture Capital,Healthcare
Graftys,Laurent Assaraf,Venture Capital,Healthcare
Leetchi,Emanuele Levi,Venture Capital,Financial Services
Carwego,Xavier Niel,Venture Capital,Consumer Products and Services (B2C)
Insiteo,Cedric Kohler,Venture Capital,Information Technology
Insiteo,Cyril Vermeulen,Angel (individual),Information Technology
Insiteo,Vincent Deltrieu,Venture Capital,Information Technology
Acerde,Adrian Field,Venture Capital,Information Technology
Actility,Adrian Field,Venture Capital,Information Technology
Neelogy,Adrian Field,Venture Capital,Information Technology
ABIONYX Pharma,Johan Christenson,Venture Capital,Healthcare
ABIONYX Pharma,Denis Lucquin,Venture Capital,Healthcare
Physikron,Catherine Boule,Venture Capital,Healthcare
MCE-5 Development,Michel Mulliez,Angel (individual),Business Products and Services (B2B)
MCE-5 Development,Michel Mulliez,Angel (individual),Business Products and Services (B2B)
Inside Secure (Acquired),Scott Bonham,Venture Capital,Information Technology
Inside Secure (Acquired),Jean Schmitt,Venture Capital,Information Technology
Inside Secure (Acquired),Yoram Oron,Venture Capital,Information Technology
InstantLuxe.com,Jean-David Chamboredon,Venture Capital,Consumer Products and Services (B2C)
Arterial Remodeling Technologies,Philippe Dhamelincourt,Venture Capital,Healthcare
Unowhy,Bruno Bourguet,Angel (individual),Consumer Products and Services (B2C)
Unowhy,Jean-Marie Nicot,Angel (individual),Consumer Products and Services (B2C)
Unowhy,Patrick Perrin,Angel (individual),Consumer Products and Services (B2C)
The Bakery (Aubagne),Jean-Charles Hourcade,Angel (individual),Information Technology
Webdyn,Guillaume Hemmerle,Venture Capital,Information Technology
Allmyapps,Xavier Lazarus,Venture Capital,Consumer Products and Services (B2C)
Withings,Pierre-Edouard Berion,Angel (individual),Healthcare
Withings,Stephan Wirries,Angel (individual),Healthcare
Withings,Jean Bourcereau,Venture Capital,Healthcare
SRP Groupe,Hendrik Nelis,Venture Capital,Consumer Products and Services (B2C)
Midisolaire,Dominique Agrech,Venture Capital,Energy
Restopolitan,Jérémie Berrebi,Angel (individual),Consumer Products and Services (B2C)
Restopolitan,Xavier Niel,Venture Capital,Consumer Products and Services (B2C)
Restopolitan,Oleg Tscheltzoff,Angel (individual),Consumer Products and Services (B2C)
Satin Technologies,Geneviève White,Venture Capital,Information Technology
Horizontal Software,Bernard Roques,Venture Capital,Information Technology
Anaconda Pharma,Thomas Starkloff,Venture Capital,Healthcare
Allegorithmic,Thomas Bidaux,Angel (individual),Information Technology
Streamdata.io,Guy Rigaud,Venture Capital,Information Technology
McPhy Energy,Alessio Beverina,Venture Capital,Energy
BlaBlaCar,Jean-David Chamboredon,Venture Capital,Consumer Products and Services (B2C)
Vestiaire Collective,Claire Houry,Venture Capital,Consumer Products and Services (B2C)
Devederm,François Gerber,Venture Capital,Consumer Products and Services (B2C)
NovaSparks,Ashish Puri,Venture Capital,Information Technology
NovaSparks,David Lark,Venture Capital,Information Technology
PeopleDoc,Charles Letourneur,Venture Capital,Information Technology
PeopleDoc,Pierre Kosciusko Morizet,Angel (individual),Information Technology
Eveon,Olivier Panis,Angel (individual),Healthcare
Cytheris,Bart Bergstein,Venture Capital,Healthcare
FÃvrier 46,Olivier Mathiot,Angel (individual),Consumer Products and Services (B2C)
Ekinops,Jean Bourcereau,Venture Capital,Information Technology
Eodom,Mathieu Le Roux,Angel (individual),Business Products and Services (B2B)
Eodom,Thibault Canton,Venture Capital,Business Products and Services (B2B)
Criteo,Byron Deeter,Venture Capital,Business Products and Services (B2B)
Wyplay,Marie Ekeland,Venture Capital,Consumer Products and Services (B2C)
Wyplay,Alain Tingaud,Venture Capital,Consumer Products and Services (B2C)
Nanobiotix,Jérôme Snollaerts,Venture Capital,Healthcare
Nanobiotix,Xavier Faure,Angel (individual),Healthcare
Flash BioSolutions,Thierry Bardon,Venture Capital,Healthcare
Geodruid,Daniel Zumino,Angel (individual),Business Products and Services (B2B)
Geodruid,Gilles Martin,Angel (individual),Business Products and Services (B2B)
Geodruid,Guy Loyet,Angel (individual),Business Products and Services (B2B)
Medtech (Montpellier),Charles-Antoine Morand,Venture Capital,Healthcare
Implanet,Rainer Strohmenger,Venture Capital,Healthcare
Sparkow,Didier Moret,Venture Capital,Information Technology
Sparkow,Cyril Bertrand,Venture Capital,Information Technology
Musinaut,Eric Huet,Venture Capital,Consumer Products and Services (B2C)
Lengow,Guillaume Aubin,Venture Capital,Information Technology
Lengow,Jérémie Berrebi,Venture Capital,Information Technology
Geensoft,Eric Cozanet,Venture Capital,Information Technology
Genticel,Chahra Louafi,Venture Capital,Healthcare
SP3H,Adrian Field,Venture Capital,Information Technology
Pharnext,Christian Pierret,Venture Capital,Healthcare
ROK Solution,Alain Portmann,Angel (individual),Information Technology
ROK Solution,Fausto Geromel,Angel (individual),Information Technology
ROK Solution,Jean-Christophe Lorrain,Angel (individual),Information Technology
ROK Solution,Olivier Vaysse,Angel (individual),Information Technology
ROK Solution,Pierre Schick,Angel (individual),Information Technology
ROK Solution,Xavier Leveugle,Angel (individual),Information Technology
EI-Technologies,Franck Noiret,Venture Capital,Information Technology
Sofialys,Gert Köhler,Venture Capital,Business Products and Services (B2B)
Quelle Energie,Guillaume Aubin,Venture Capital,Business Products and Services (B2B)
PhoneAndPhone,Frederic Humbert,Venture Capital,Information Technology
Sciences-U Lyon,Magdalena Svensson,Venture Capital,Consumer Products and Services (B2C)
Capsum,Pierre Bellue,Angel (individual),Consumer Products and Services (B2C)
Vedicis,Denis Barrier,Venture Capital,Information Technology
Glycode,Gilles Alberici,Venture Capital,Healthcare
eÿeka,Nenad Marovac,Venture Capital,Business Products and Services (B2B)
Presto Engineering,David Manjarres,Venture Capital,Information Technology
IJENKO,Nicolas Landrin,Venture Capital,Information Technology
Spartoo,Bernard Vogel,Venture Capital,Consumer Products and Services (B2C)
Adocia,Olivier Martinez,Venture Capital,Healthcare
Adocia,Thierry Laugel,Venture Capital,Healthcare
Fenixfalt,Stéphane Romet,Angel (individual),Business Products and Services (B2B)
MD Start,Denis Lucquin,Venture Capital,Business Products and Services (B2B)
Menlook Group,Philippe Collombel,Venture Capital,Consumer Products and Services (B2C)
TMG (Legal Services),Jérôme Guéret,Venture Capital,Business Products and Services (B2B)
